{
    "version": "7.2.0",
    "tables": {
        "tt_content": {
            "elements": {
                "form": {
                    "color": "#000000",
                    "colorOverlay": "#000000",
                    "columns": [
                        "tx_mask_formname",
                        "tx_mask_background",
                        "tx_mask_headline",
                        "tx_mask_text",
                        "tx_mask_content"
                    ],
                    "description": "",
                    "descriptions": [
                        "",
                        "",
                        "",
                        "",
                        ""
                    ],
                    "icon": "",
                    "iconOverlay": "",
                    "key": "form",
                    "label": "Form",
                    "labels": [
                        "Form name",
                        "Background white",
                        "Headline",
                        "Text",
                        "Form"
                    ],
                    "shortLabel": "",
                    "sorting": 11
                }
            },
            "sql": {
                "tx_mask_background": {
                    "tt_content": {
                        "tx_mask_background": "int(11) DEFAULT '0' NOT NULL"
                    }
                },
                "tx_mask_content": {
                    "tt_content": {
                        "tx_mask_content": "int(11) unsigned DEFAULT '0' NOT NULL"
                    }
                },
                "tx_mask_formname": {
                    "tt_content": {
                        "tx_mask_formname": "varchar(255) DEFAULT '' NOT NULL"
                    }
                },
                "tx_mask_headline": {
                    "tt_content": {
                        "tx_mask_headline": "mediumtext"
                    }
                },
                "tx_mask_text": {
                    "tt_content": {
                        "tx_mask_text": "mediumtext"
                    }
                }
            },
            "tca": {
                "tx_mask_background": {
                    "config": {
                        "items": [],
                        "type": "check"
                    },
                    "fullKey": "tx_mask_background",
                    "key": "background",
                    "type": "check"
                },
                "tx_mask_content": {
                    "cTypes": [
                        "form_formframework"
                    ],
                    "config": {
                        "appearance": {
                            "enabledControls": {
                                "delete": 1,
                                "dragdrop": 1,
                                "hide": 1,
                                "info": 1,
                                "localize": 1,
                                "new": 1,
                                "sort": 1
                            },
                            "levelLinksPosition": "top",
                            "showAllLocalizationLink": 1,
                            "showNewRecordLink": 1,
                            "showPossibleLocalizationRecords": 1,
                            "useSortable": 1
                        },
                        "foreign_sortby": "sorting",
                        "foreign_table": "tt_content",
                        "overrideChildTca": {
                            "columns": {
                                "colPos": {
                                    "config": {
                                        "default": 999
                                    }
                                }
                            }
                        },
                        "type": "inline"
                    },
                    "fullKey": "tx_mask_content",
                    "key": "content",
                    "type": "content"
                },
                "tx_mask_formname": {
                    "config": {
                        "type": "input"
                    },
                    "fullKey": "tx_mask_formname",
                    "key": "formname",
                    "type": "string"
                },
                "tx_mask_headline": {
                    "config": {
                        "enableRichtext": 1,
                        "type": "text"
                    },
                    "fullKey": "tx_mask_headline",
                    "key": "headline",
                    "type": "richtext"
                },
                "tx_mask_text": {
                    "config": {
                        "enableRichtext": 1,
                        "type": "text"
                    },
                    "fullKey": "tx_mask_text",
                    "key": "text",
                    "type": "richtext"
                }
            }
        }
    }
}
