{
    "version": "7.2.0",
    "tables": {
        "tt_content": {
            "elements": {
                "image_slider_text": {
                    "color": "#000000",
                    "colorOverlay": "#000000",
                    "columns": [
                        "tx_mask_headline",
                        "tx_mask_text",
                        "tx_mask_textmobile",
                        "tx_mask_link1text",
                        "tx_mask_link1",
                        "tx_mask_imageslidertext"
                    ],
                    "description": "",
                    "descriptions": [
                        "",
                        "",
                        "",
                        "",
                        "",
                        ""
                    ],
                    "icon": "",
                    "iconOverlay": "",
                    "key": "image_slider_text",
                    "label": "Image slider text",
                    "labels": [
                        "Headline",
                        "Text",
                        "Text mobile",
                        "Link text",
                        "Link",
                        "Elements"
                    ],
                    "shortLabel": "",
                    "sorting": 4
                }
            },
            "sql": {
                "tx_mask_headline": {
                    "tt_content": {
                        "tx_mask_headline": "mediumtext"
                    }
                },
                "tx_mask_imageslidertext": {
                    "tt_content": {
                        "tx_mask_imageslidertext": "int(11) unsigned DEFAULT '0' NOT NULL"
                    }
                },
                "tx_mask_link1": {
                    "tt_content": {
                        "tx_mask_link1": "varchar(255) DEFAULT '' NOT NULL"
                    }
                },
                "tx_mask_link1text": {
                    "tt_content": {
                        "tx_mask_link1text": "varchar(255) DEFAULT '' NOT NULL"
                    }
                },
                "tx_mask_text": {
                    "tt_content": {
                        "tx_mask_text": "mediumtext"
                    }
                },
                "tx_mask_textmobile": {
                    "tt_content": {
                        "tx_mask_textmobile": "mediumtext"
                    }
                }
            },
            "tca": {
                "tx_mask_headline": {
                    "config": {
                        "enableRichtext": 1,
                        "type": "text"
                    },
                    "fullKey": "tx_mask_headline",
                    "key": "headline",
                    "type": "richtext"
                },
                "tx_mask_imageslidertext": {
                    "config": {
                        "appearance": {
                            "enabledControls": {
                                "delete": 1,
                                "dragdrop": 1,
                                "hide": 1,
                                "info": 1,
                                "localize": 1,
                                "new": 1,
                                "sort": 1
                            },
                            "levelLinksPosition": "top",
                            "showAllLocalizationLink": 1,
                            "showNewRecordLink": 1,
                            "showPossibleLocalizationRecords": 1,
                            "useSortable": 1
                        },
                        "foreign_field": "parentid",
                        "foreign_sortby": "sorting",
                        "foreign_table": "--inlinetable--",
                        "foreign_table_field": "parenttable",
                        "type": "inline"
                    },
                    "fullKey": "tx_mask_imageslidertext",
                    "key": "imageslidertext",
                    "type": "inline"
                },
                "tx_mask_link1": {
                    "config": {
                        "renderType": "inputLink",
                        "type": "input"
                    },
                    "fullKey": "tx_mask_link1",
                    "key": "link1",
                    "type": "link"
                },
                "tx_mask_link1text": {
                    "config": {
                        "type": "input"
                    },
                    "fullKey": "tx_mask_link1text",
                    "key": "link1text",
                    "type": "string"
                },
                "tx_mask_text": {
                    "config": {
                        "enableRichtext": 1,
                        "type": "text"
                    },
                    "fullKey": "tx_mask_text",
                    "key": "text",
                    "type": "richtext"
                },
                "tx_mask_textmobile": {
                    "config": {
                        "enableRichtext": 1,
                        "type": "text"
                    },
                    "fullKey": "tx_mask_textmobile",
                    "key": "textmobile",
                    "type": "richtext"
                }
            }
        },
        "tx_mask_imageslider": {
            "sql": {
                "tx_mask_image": {
                    "tx_mask_imageslider": {
                        "tx_mask_image": "int(11) unsigned DEFAULT '0' NOT NULL"
                    }
                }
            },
            "tca": {
                "tx_mask_image": {
                    "config": {
                        "appearance": {
                            "elementBrowserEnabled": 1,
                            "enabledControls": {
                                "delete": 1,
                                "dragdrop": 1,
                                "hide": 1,
                                "info": 1,
                                "localize": 1,
                                "sort": 0
                            },
                            "fileUploadAllowed": 1,
                            "useSortable": 1
                        },
                        "maxitems": "",
                        "minitems": ""
                    },
                    "fullKey": "tx_mask_image",
                    "imageoverlayPalette": 1,
                    "inlineParent": "tx_mask_imageslider",
                    "key": "image",
                    "label": "Image",
                    "order": 1,
                    "type": "file"
                }
            }
        },
        "tx_mask_imageslidertext": {
            "sql": {
                "tx_mask_headline": {
                    "tx_mask_imageslidertext": {
                        "tx_mask_headline": "mediumtext"
                    }
                },
                "tx_mask_imageslider": {
                    "tx_mask_imageslidertext": {
                        "tx_mask_imageslider": "int(11) unsigned DEFAULT '0' NOT NULL"
                    }
                },
                "tx_mask_location": {
                    "tx_mask_imageslidertext": {
                        "tx_mask_location": "mediumtext"
                    }
                },
                "tx_mask_text": {
                    "tx_mask_imageslidertext": {
                        "tx_mask_text": "mediumtext"
                    }
                },
                "tx_mask_textmobile": {
                    "tx_mask_imageslidertext": {
                        "tx_mask_textmobile": "mediumtext"
                    }
                }
            },
            "tca": {
                "tx_mask_headline": {
                    "config": {
                        "enableRichtext": 1,
                        "type": "text"
                    },
                    "fullKey": "tx_mask_headline",
                    "inlineParent": "tx_mask_imageslidertext",
                    "key": "headline",
                    "label": "Headline",
                    "order": 2,
                    "type": "richtext"
                },
                "tx_mask_imageslider": {
                    "config": {
                        "appearance": {
                            "enabledControls": {
                                "delete": 1,
                                "dragdrop": 1,
                                "hide": 1,
                                "info": 1,
                                "localize": 1,
                                "new": 1,
                                "sort": 1
                            },
                            "levelLinksPosition": "top",
                            "showAllLocalizationLink": 1,
                            "showNewRecordLink": 1,
                            "showPossibleLocalizationRecords": 1,
                            "useSortable": 1
                        },
                        "foreign_field": "parentid",
                        "foreign_sortby": "sorting",
                        "foreign_table": "--inlinetable--",
                        "foreign_table_field": "parenttable",
                        "type": "inline"
                    },
                    "fullKey": "tx_mask_imageslider",
                    "inlineParent": "tx_mask_imageslidertext",
                    "key": "imageslider",
                    "label": "Image elements",
                    "order": 1,
                    "type": "inline"
                },
                "tx_mask_location": {
                    "config": {
                        "enableRichtext": 1,
                        "type": "text"
                    },
                    "fullKey": "tx_mask_location",
                    "inlineParent": "tx_mask_imageslidertext",
                    "key": "location",
                    "label": "Location ",
                    "order": 5,
                    "type": "richtext"
                },
                "tx_mask_text": {
                    "config": {
                        "enableRichtext": 1,
                        "type": "text"
                    },
                    "fullKey": "tx_mask_text",
                    "inlineParent": "tx_mask_imageslidertext",
                    "key": "text",
                    "label": "Text",
                    "order": 4,
                    "type": "richtext"
                },
                "tx_mask_textmobile": {
                    "config": {
                        "enableRichtext": 1,
                        "type": "text"
                    },
                    "fullKey": "tx_mask_textmobile",
                    "inlineParent": "tx_mask_imageslidertext",
                    "key": "textmobile",
                    "label": "Text mobile",
                    "order": 3,
                    "type": "richtext"
                }
            }
        }
    }
}
