{
    "version": "7.2.0",
    "tables": {
        "tt_content": {
            "elements": {
                "intro_simple": {
                    "color": "#000000",
                    "colorOverlay": "#000000",
                    "columns": [
                        "tx_mask_background",
                        "tx_mask_headline",
                        "tx_mask_subheadline"
                    ],
                    "description": "",
                    "descriptions": [
                        "",
                        "",
                        ""
                    ],
                    "icon": "",
                    "iconOverlay": "",
                    "key": "intro_simple",
                    "label": "Intro simple",
                    "labels": [
                        "Background white",
                        "Headline",
                        "Subheadline"
                    ],
                    "shortLabel": "",
                    "sorting": 1
                }
            },
            "sql": {
                "tx_mask_background": {
                    "tt_content": {
                        "tx_mask_background": "int(11) DEFAULT '0' NOT NULL"
                    }
                },
                "tx_mask_headline": {
                    "tt_content": {
                        "tx_mask_headline": "mediumtext"
                    }
                },
                "tx_mask_subheadline": {
                    "tt_content": {
                        "tx_mask_subheadline": "mediumtext"
                    }
                }
            },
            "tca": {
                "tx_mask_background": {
                    "config": {
                        "items": [],
                        "type": "check"
                    },
                    "fullKey": "tx_mask_background",
                    "key": "background",
                    "type": "check"
                },
                "tx_mask_headline": {
                    "config": {
                        "enableRichtext": 1,
                        "type": "text"
                    },
                    "fullKey": "tx_mask_headline",
                    "key": "headline",
                    "type": "richtext"
                },
                "tx_mask_subheadline": {
                    "config": {
                        "enableRichtext": 1,
                        "type": "text"
                    },
                    "fullKey": "tx_mask_subheadline",
                    "key": "subheadline",
                    "type": "richtext"
                }
            }
        }
    }
}
