{
    "version": "7.2.0",
    "tables": {
        "tt_content": {
            "elements": {
                "team_slider": {
                    "color": "#000000",
                    "colorOverlay": "#000000",
                    "columns": [
                        "tx_mask_headline",
                        "tx_mask_text",
                        "tx_mask_teamslider"
                    ],
                    "description": "",
                    "descriptions": [
                        "",
                        "",
                        ""
                    ],
                    "icon": "",
                    "iconOverlay": "",
                    "key": "team_slider",
                    "label": "Team slider",
                    "labels": [
                        "Headline",
                        "Text",
                        "Elements"
                    ],
                    "shortLabel": "",
                    "sorting": 9
                }
            },
            "sql": {
                "tx_mask_headline": {
                    "tt_content": {
                        "tx_mask_headline": "mediumtext"
                    }
                },
                "tx_mask_teamslider": {
                    "tt_content": {
                        "tx_mask_teamslider": "int(11) unsigned DEFAULT '0' NOT NULL"
                    }
                },
                "tx_mask_text": {
                    "tt_content": {
                        "tx_mask_text": "mediumtext"
                    }
                }
            },
            "tca": {
                "tx_mask_headline": {
                    "config": {
                        "enableRichtext": 1,
                        "type": "text"
                    },
                    "fullKey": "tx_mask_headline",
                    "key": "headline",
                    "type": "richtext"
                },
                "tx_mask_teamslider": {
                    "config": {
                        "appearance": {
                            "enabledControls": {
                                "delete": 1,
                                "dragdrop": 1,
                                "hide": 1,
                                "info": 1,
                                "localize": 1,
                                "new": 1,
                                "sort": 1
                            },
                            "levelLinksPosition": "top",
                            "showAllLocalizationLink": 1,
                            "showNewRecordLink": 1,
                            "showPossibleLocalizationRecords": 1,
                            "useSortable": 1
                        },
                        "foreign_field": "parentid",
                        "foreign_sortby": "sorting",
                        "foreign_table": "--inlinetable--",
                        "foreign_table_field": "parenttable",
                        "type": "inline"
                    },
                    "fullKey": "tx_mask_teamslider",
                    "key": "teamslider",
                    "type": "inline"
                },
                "tx_mask_text": {
                    "config": {
                        "enableRichtext": 1,
                        "type": "text"
                    },
                    "fullKey": "tx_mask_text",
                    "key": "text",
                    "type": "richtext"
                }
            }
        },
        "tx_mask_teamslider": {
            "sql": {
                "tx_mask_description": {
                    "tx_mask_teamslider": {
                        "tx_mask_description": "mediumtext"
                    }
                },
                "tx_mask_image": {
                    "tx_mask_teamslider": {
                        "tx_mask_image": "int(11) unsigned DEFAULT '0' NOT NULL"
                    }
                },
                "tx_mask_name": {
                    "tx_mask_teamslider": {
                        "tx_mask_name": "varchar(255) DEFAULT '' NOT NULL"
                    }
                },
                "tx_mask_position": {
                    "tx_mask_teamslider": {
                        "tx_mask_position": "varchar(255) DEFAULT '' NOT NULL"
                    }
                }
            },
            "tca": {
                "tx_mask_description": {
                    "config": {
                        "enableRichtext": 1,
                        "type": "text"
                    },
                    "fullKey": "tx_mask_description",
                    "inlineParent": "tx_mask_teamslider",
                    "key": "description",
                    "label": "Description",
                    "order": 4,
                    "type": "richtext"
                },
                "tx_mask_image": {
                    "config": {
                        "appearance": {
                            "elementBrowserEnabled": 1,
                            "enabledControls": {
                                "delete": 1,
                                "dragdrop": 1,
                                "hide": 1,
                                "info": 1,
                                "localize": 1,
                                "sort": 0
                            },
                            "fileUploadAllowed": 1,
                            "useSortable": 1
                        },
                        "maxitems": "",
                        "minitems": ""
                    },
                    "fullKey": "tx_mask_image",
                    "imageoverlayPalette": 1,
                    "inlineParent": "tx_mask_teamslider",
                    "key": "image",
                    "label": "Image",
                    "order": 1,
                    "type": "file"
                },
                "tx_mask_name": {
                    "config": {
                        "type": "input"
                    },
                    "fullKey": "tx_mask_name",
                    "inlineParent": "tx_mask_teamslider",
                    "key": "name",
                    "label": "Name",
                    "order": 2,
                    "type": "string"
                },
                "tx_mask_position": {
                    "config": {
                        "type": "input"
                    },
                    "fullKey": "tx_mask_position",
                    "inlineParent": "tx_mask_teamslider",
                    "key": "position",
                    "label": "Position",
                    "order": 3,
                    "type": "string"
                }
            }
        }
    }
}
