{
    "version": "7.2.0",
    "tables": {
        "tt_content": {
            "elements": {
                "text_table_with_tabs": {
                    "color": "#000000",
                    "colorOverlay": "#000000",
                    "columns": [
                        "tx_mask_backgroundchange",
                        "tx_mask_headline",
                        "tx_mask_subheadline",
                        "tx_mask_text",
                        "tx_mask_textmobile",
                        "tx_mask_texttablelist"
                    ],
                    "description": "",
                    "descriptions": [
                        "",
                        "",
                        "",
                        "",
                        "",
                        ""
                    ],
                    "icon": "",
                    "iconOverlay": "",
                    "key": "text_table_with_tabs",
                    "label": "Text Table with tabs",
                    "labels": [
                        "Change background",
                        "Headline",
                        "Subheadline",
                        "Text",
                        "Text mobile",
                        "Elements"
                    ],
                    "shortLabel": "",
                    "sorting": 1
                }
            },
            "sql": {
                "tx_mask_backgroundchange": {
                    "tt_content": {
                        "tx_mask_backgroundchange": "int(11) DEFAULT '0' NOT NULL"
                    }
                },
                "tx_mask_headline": {
                    "tt_content": {
                        "tx_mask_headline": "mediumtext"
                    }
                },
                "tx_mask_subheadline": {
                    "tt_content": {
                        "tx_mask_subheadline": "mediumtext"
                    }
                },
                "tx_mask_text": {
                    "tt_content": {
                        "tx_mask_text": "mediumtext"
                    }
                },
                "tx_mask_textmobile": {
                    "tt_content": {
                        "tx_mask_textmobile": "mediumtext"
                    }
                },
                "tx_mask_texttablelist": {
                    "tt_content": {
                        "tx_mask_texttablelist": "int(11) unsigned DEFAULT '0' NOT NULL"
                    }
                }
            },
            "tca": {
                "tx_mask_backgroundchange": {
                    "config": {
                        "items": [],
                        "type": "check"
                    },
                    "fullKey": "tx_mask_backgroundchange",
                    "key": "backgroundchange",
                    "type": "check"
                },
                "tx_mask_headline": {
                    "config": {
                        "enableRichtext": 1,
                        "type": "text"
                    },
                    "fullKey": "tx_mask_headline",
                    "key": "headline",
                    "type": "richtext"
                },
                "tx_mask_subheadline": {
                    "config": {
                        "enableRichtext": 1,
                        "type": "text"
                    },
                    "fullKey": "tx_mask_subheadline",
                    "key": "subheadline",
                    "type": "richtext"
                },
                "tx_mask_text": {
                    "config": {
                        "enableRichtext": 1,
                        "type": "text"
                    },
                    "fullKey": "tx_mask_text",
                    "key": "text",
                    "type": "richtext"
                },
                "tx_mask_textmobile": {
                    "config": {
                        "enableRichtext": 1,
                        "type": "text"
                    },
                    "fullKey": "tx_mask_textmobile",
                    "key": "textmobile",
                    "type": "richtext"
                },
                "tx_mask_texttablelist": {
                    "config": {
                        "appearance": {
                            "enabledControls": {
                                "delete": 1,
                                "dragdrop": 1,
                                "hide": 1,
                                "info": 1,
                                "localize": 1,
                                "new": 1,
                                "sort": 1
                            },
                            "levelLinksPosition": "top",
                            "showAllLocalizationLink": 1,
                            "showNewRecordLink": 1,
                            "showPossibleLocalizationRecords": 1,
                            "useSortable": 1
                        },
                        "foreign_field": "parentid",
                        "foreign_sortby": "sorting",
                        "foreign_table": "--inlinetable--",
                        "foreign_table_field": "parenttable",
                        "type": "inline"
                    },
                    "fullKey": "tx_mask_texttablelist",
                    "key": "texttablelist",
                    "type": "inline"
                }
            }
        },
        "tx_mask_eventlist": {
            "sql": {
                "tx_mask_bywhom": {
                    "tx_mask_eventlist": {
                        "tx_mask_bywhom": "varchar(255) DEFAULT '' NOT NULL"
                    }
                },
                "tx_mask_time": {
                    "tx_mask_eventlist": {
                        "tx_mask_time": "varchar(255) DEFAULT '' NOT NULL"
                    }
                },
                "tx_mask_title": {
                    "tx_mask_eventlist": {
                        "tx_mask_title": "mediumtext"
                    }
                }
            },
            "tca": {
                "tx_mask_bywhom": {
                    "config": {
                        "type": "input"
                    },
                    "fullKey": "tx_mask_bywhom",
                    "inlineParent": "tx_mask_eventlist",
                    "key": "bywhom",
                    "label": "By whom",
                    "order": 3,
                    "type": "string"
                },
                "tx_mask_time": {
                    "config": {
                        "type": "input"
                    },
                    "fullKey": "tx_mask_time",
                    "inlineParent": "tx_mask_eventlist",
                    "key": "time",
                    "label": "Time",
                    "order": 1,
                    "type": "string"
                },
                "tx_mask_title": {
                    "config": {
                        "enableRichtext": 1,
                        "type": "text"
                    },
                    "fullKey": "tx_mask_title",
                    "inlineParent": "tx_mask_eventlist",
                    "key": "title",
                    "label": "Title",
                    "order": 2,
                    "type": "richtext"
                }
            }
        },
        "tx_mask_texttablelist": {
            "sql": {
                "tx_mask_eventlist": {
                    "tx_mask_texttablelist": {
                        "tx_mask_eventlist": "int(11) unsigned DEFAULT '0' NOT NULL"
                    }
                },
                "tx_mask_subtitle": {
                    "tx_mask_texttablelist": {
                        "tx_mask_subtitle": "varchar(255) DEFAULT '' NOT NULL"
                    }
                },
                "tx_mask_tabtitle": {
                    "tx_mask_texttablelist": {
                        "tx_mask_tabtitle": "mediumtext"
                    }
                }
            },
            "tca": {
                "tx_mask_eventlist": {
                    "config": {
                        "appearance": {
                            "enabledControls": {
                                "delete": 1,
                                "dragdrop": 1,
                                "hide": 1,
                                "info": 1,
                                "localize": 1,
                                "new": 1,
                                "sort": 1
                            },
                            "levelLinksPosition": "top",
                            "showAllLocalizationLink": 1,
                            "showNewRecordLink": 1,
                            "showPossibleLocalizationRecords": 1,
                            "useSortable": 1
                        },
                        "foreign_field": "parentid",
                        "foreign_sortby": "sorting",
                        "foreign_table": "--inlinetable--",
                        "foreign_table_field": "parenttable",
                        "type": "inline"
                    },
                    "ctrl": {
                        "label": "tx_mask_"
                    },
                    "fullKey": "tx_mask_eventlist",
                    "inlineParent": "tx_mask_texttablelist",
                    "key": "eventlist",
                    "label": "Elements",
                    "order": 3,
                    "type": "inline"
                },
                "tx_mask_subtitle": {
                    "config": {
                        "type": "input"
                    },
                    "fullKey": "tx_mask_subtitle",
                    "inlineParent": "tx_mask_texttablelist",
                    "key": "subtitle",
                    "label": "Subtitle",
                    "order": 2,
                    "type": "string"
                },
                "tx_mask_tabtitle": {
                    "config": {
                        "enableRichtext": 1,
                        "type": "text"
                    },
                    "fullKey": "tx_mask_tabtitle",
                    "inlineParent": "tx_mask_texttablelist",
                    "key": "tabtitle",
                    "label": "Tab title",
                    "order": 1,
                    "type": "richtext"
                }
            }
        }
    }
}
