{
    "version": "7.2.0",
    "tables": {
        "tt_content": {
            "elements": {
                "3_box_text_static_module": {
                    "color": "#000000",
                    "colorOverlay": "#000000",
                    "columns": [
                        "tx_mask_5502a1390dd8f",
                        "tx_mask_a019ac1e55959",
                        "tx_mask_image",
                        "tx_mask_backgroundcolor",
                        "tx_mask_is_main_text_highlighted",
                        "tx_mask_cards",
                        "tx_mask_b3ec4e18dcac",
                        "tx_mask_static_module_items"
                    ],
                    "description": "",
                    "descriptions": [
                        "",
                        "",
                        "",
                        "",
                        "",
                        "",
                        "",
                        ""
                    ],
                    "icon": "",
                    "iconOverlay": "",
                    "key": "3_box_text_static_module",
                    "label": "3 Box text static module",
                    "labels": [
                        "Headline",
                        "Text",
                        "Image",
                        "Background Color",
                        "Is Main Text Highlighted",
                        "Cards",
                        "Static module Circle Icon",
                        "Static module items"
                    ],
                    "shortLabel": "",
                    "sorting": 1
                }
            },
            "palettes": {
                "tx_mask_5502a1390dd8f": {
                    "description": "",
                    "label": "Headline",
                    "showitem": [
                        "tx_mask_headline",
                        "tx_mask_headlinemobile"
                    ]
                },
                "tx_mask_a019ac1e55959": {
                    "description": "",
                    "label": "Text",
                    "showitem": [
                        "tx_mask_text",
                        "tx_mask_textmobile"
                    ]
                },
                "tx_mask_b3ec4e18dcac": {
                    "description": "",
                    "label": "Static module Circle Icon",
                    "showitem": [
                        "tx_mask_circleiconheadline",
                        "tx_mask_circleiconsubheadline",
                        "tx_mask_643eee839d4bf",
                        "tx_mask_circleiconintro",
                        "tx_mask_8843877f9f53f",
                        "tx_mask_circleicon"
                    ]
                }
            },
            "sql": {
                "tx_mask_backgroundcolor": {
                    "tt_content": {
                        "tx_mask_backgroundcolor": "varchar(255) DEFAULT '' NOT NULL"
                    }
                },
                "tx_mask_cards": {
                    "tt_content": {
                        "tx_mask_cards": "int(11) unsigned DEFAULT '0' NOT NULL"
                    }
                },
                "tx_mask_circleicon": {
                    "tt_content": {
                        "tx_mask_circleicon": "int(11) unsigned DEFAULT '0' NOT NULL"
                    }
                },
                "tx_mask_circleiconheadline": {
                    "tt_content": {
                        "tx_mask_circleiconheadline": "varchar(255) DEFAULT '' NOT NULL"
                    }
                },
                "tx_mask_circleiconintro": {
                    "tt_content": {
                        "tx_mask_circleiconintro": "mediumtext"
                    }
                },
                "tx_mask_circleiconsubheadline": {
                    "tt_content": {
                        "tx_mask_circleiconsubheadline": "varchar(255) DEFAULT '' NOT NULL"
                    }
                },
                "tx_mask_headline": {
                    "tt_content": {
                        "tx_mask_headline": "mediumtext"
                    }
                },
                "tx_mask_headlinemobile": {
                    "tt_content": {
                        "tx_mask_headlinemobile": "mediumtext"
                    }
                },
                "tx_mask_image": {
                    "tt_content": {
                        "tx_mask_image": "int(11) unsigned DEFAULT '0' NOT NULL"
                    }
                },
                "tx_mask_is_main_text_highlighted": {
                    "tt_content": {
                        "tx_mask_is_main_text_highlighted": "int(11) DEFAULT '0' NOT NULL"
                    }
                },
                "tx_mask_static_module_items": {
                    "tt_content": {
                        "tx_mask_static_module_items": "int(11) unsigned DEFAULT '0' NOT NULL"
                    }
                },
                "tx_mask_text": {
                    "tt_content": {
                        "tx_mask_text": "mediumtext"
                    }
                },
                "tx_mask_textmobile": {
                    "tt_content": {
                        "tx_mask_textmobile": "mediumtext"
                    }
                }
            },
            "tca": {
                "tx_mask_5502a1390dd8f": {
                    "config": {
                        "type": "palette"
                    },
                    "fullKey": "tx_mask_5502a1390dd8f",
                    "key": "5502a1390dd8f",
                    "type": "palette"
                },
                "tx_mask_643eee839d4bf": {
                    "config": {
                        "type": "linebreak"
                    },
                    "description": {
                        "3_box_text_static_module": ""
                    },
                    "fullKey": "tx_mask_643eee839d4bf",
                    "inPalette": 1,
                    "inlineParent": {
                        "3_box_text_static_module": "tx_mask_b3ec4e18dcac"
                    },
                    "key": "643eee839d4bf",
                    "label": {
                        "3_box_text_static_module": ""
                    },
                    "order": {
                        "3_box_text_static_module": 3
                    },
                    "type": "linebreak"
                },
                "tx_mask_8843877f9f53f": {
                    "config": {
                        "type": "linebreak"
                    },
                    "description": {
                        "3_box_text_static_module": ""
                    },
                    "fullKey": "tx_mask_8843877f9f53f",
                    "inPalette": 1,
                    "inlineParent": {
                        "3_box_text_static_module": "tx_mask_b3ec4e18dcac"
                    },
                    "key": "8843877f9f53f",
                    "label": {
                        "3_box_text_static_module": ""
                    },
                    "order": {
                        "3_box_text_static_module": 5
                    },
                    "type": "linebreak"
                },
                "tx_mask_a019ac1e55959": {
                    "config": {
                        "type": "palette"
                    },
                    "fullKey": "tx_mask_a019ac1e55959",
                    "key": "a019ac1e55959",
                    "type": "palette"
                },
                "tx_mask_b3ec4e18dcac": {
                    "config": {
                        "type": "palette"
                    },
                    "fullKey": "tx_mask_b3ec4e18dcac",
                    "key": "b3ec4e18dcac",
                    "type": "palette"
                },
                "tx_mask_backgroundcolor": {
                    "config": {
                        "renderType": "colorpicker",
                        "size": 10,
                        "type": "input"
                    },
                    "fullKey": "tx_mask_backgroundcolor",
                    "key": "backgroundcolor",
                    "type": "colorpicker"
                },
                "tx_mask_cards": {
                    "config": {
                        "appearance": {
                            "enabledControls": {
                                "delete": 1,
                                "dragdrop": 1,
                                "hide": 1,
                                "info": 1,
                                "localize": 1,
                                "new": 1,
                                "sort": 1
                            },
                            "levelLinksPosition": "top",
                            "showAllLocalizationLink": 1,
                            "showNewRecordLink": 1,
                            "showPossibleLocalizationRecords": 1,
                            "useSortable": 1
                        },
                        "foreign_field": "parentid",
                        "foreign_sortby": "sorting",
                        "foreign_table": "--inlinetable--",
                        "foreign_table_field": "parenttable",
                        "type": "inline"
                    },
                    "fullKey": "tx_mask_cards",
                    "key": "cards",
                    "type": "inline"
                },
                "tx_mask_circleicon": {
                    "config": {
                        "appearance": {
                            "elementBrowserEnabled": 1,
                            "enabledControls": {
                                "delete": 1,
                                "dragdrop": 1,
                                "hide": 1,
                                "info": 1,
                                "localize": 1,
                                "sort": 0
                            },
                            "fileUploadAllowed": 1,
                            "useSortable": 1
                        },
                        "maxitems": "",
                        "minitems": ""
                    },
                    "description": {
                        "3_box_text_static_module": ""
                    },
                    "fullKey": "tx_mask_circleicon",
                    "imageoverlayPalette": 1,
                    "inPalette": 1,
                    "inlineParent": {
                        "3_box_text_static_module": "tx_mask_b3ec4e18dcac"
                    },
                    "key": "circleicon",
                    "label": {
                        "3_box_text_static_module": "Circle Icon"
                    },
                    "order": {
                        "3_box_text_static_module": 6
                    },
                    "type": "file"
                },
                "tx_mask_circleiconheadline": {
                    "config": {
                        "type": "input"
                    },
                    "description": {
                        "3_box_text_static_module": "",
                        "landing_page_banner": ""
                    },
                    "fullKey": "tx_mask_circleiconheadline",
                    "inPalette": 1,
                    "inlineParent": {
                        "3_box_text_static_module": "tx_mask_b3ec4e18dcac",
                        "landing_page_banner": "tx_mask_41a61b2d3f981"
                    },
                    "key": "circleiconheadline",
                    "label": {
                        "3_box_text_static_module": "Circle Icon Headline",
                        "landing_page_banner": "Circle Icon Headline"
                    },
                    "order": {
                        "3_box_text_static_module": 1,
                        "landing_page_banner": 1
                    },
                    "type": "string"
                },
                "tx_mask_circleiconintro": {
                    "config": {
                        "enableRichtext": 1,
                        "type": "text"
                    },
                    "description": {
                        "3_box_text_static_module": ""
                    },
                    "fullKey": "tx_mask_circleiconintro",
                    "inPalette": 1,
                    "inlineParent": {
                        "3_box_text_static_module": "tx_mask_b3ec4e18dcac"
                    },
                    "key": "circleiconintro",
                    "label": {
                        "3_box_text_static_module": "Circle Icon Intro"
                    },
                    "order": {
                        "3_box_text_static_module": 4
                    },
                    "type": "richtext"
                },
                "tx_mask_circleiconsubheadline": {
                    "config": {
                        "type": "input"
                    },
                    "description": {
                        "3_box_text_static_module": "",
                        "landing_page_banner": ""
                    },
                    "fullKey": "tx_mask_circleiconsubheadline",
                    "inPalette": 1,
                    "inlineParent": {
                        "3_box_text_static_module": "tx_mask_b3ec4e18dcac",
                        "landing_page_banner": "tx_mask_41a61b2d3f981"
                    },
                    "key": "circleiconsubheadline",
                    "label": {
                        "3_box_text_static_module": "Circle Icon Subheadline",
                        "landing_page_banner": "Circle Icon Subheadline"
                    },
                    "order": {
                        "3_box_text_static_module": 2,
                        "landing_page_banner": 2
                    },
                    "type": "string"
                },
                "tx_mask_headline": {
                    "config": {
                        "enableRichtext": 1,
                        "type": "text"
                    },
                    "description": {
                        "3_box_text_static_module": ""
                    },
                    "fullKey": "tx_mask_headline",
                    "inPalette": 1,
                    "inlineParent": {
                        "3_box_text_static_module": "tx_mask_5502a1390dd8f"
                    },
                    "key": "headline",
                    "label": {
                        "3_box_text_static_module": "Headline"
                    },
                    "order": {
                        "3_box_text_static_module": 1
                    },
                    "type": "richtext"
                },
                "tx_mask_headlinemobile": {
                    "config": {
                        "enableRichtext": 1,
                        "type": "text"
                    },
                    "description": {
                        "3_box_text_static_module": ""
                    },
                    "fullKey": "tx_mask_headlinemobile",
                    "inPalette": 1,
                    "inlineParent": {
                        "3_box_text_static_module": "tx_mask_5502a1390dd8f"
                    },
                    "key": "headlinemobile",
                    "label": {
                        "3_box_text_static_module": "Headline Mobile"
                    },
                    "order": {
                        "3_box_text_static_module": 2
                    },
                    "type": "richtext"
                },
                "tx_mask_image": {
                    "config": {
                        "appearance": {
                            "elementBrowserEnabled": 1,
                            "enabledControls": {
                                "delete": 1,
                                "dragdrop": 1,
                                "hide": 1,
                                "info": 1,
                                "localize": 1,
                                "sort": 0
                            },
                            "fileUploadAllowed": 1,
                            "useSortable": 1
                        },
                        "maxitems": "1",
                        "minitems": ""
                    },
                    "description": {
                        "landing_page_banner": ""
                    },
                    "fullKey": "tx_mask_image",
                    "imageoverlayPalette": 1,
                    "inPalette": 1,
                    "inlineParent": {
                        "landing_page_banner": "tx_mask_b75420521c24e"
                    },
                    "key": "image",
                    "label": {
                        "landing_page_banner": "Image"
                    },
                    "order": {
                        "landing_page_banner": 1
                    },
                    "type": "file"
                },
                "tx_mask_is_main_text_highlighted": {
                    "config": {
                        "items": [
                            {
                                "0": "Is Highlighted",
                                "iconIdentifierChecked": "true",
                                "iconIdentifierUnchecked": "false",
                                "invertStateDisplay": "0"
                            }
                        ],
                        "type": "check"
                    },
                    "fullKey": "tx_mask_is_main_text_highlighted",
                    "key": "is_main_text_highlighted",
                    "type": "check"
                },
                "tx_mask_static_module_items": {
                    "config": {
                        "appearance": {
                            "enabledControls": {
                                "delete": 1,
                                "dragdrop": 1,
                                "hide": 1,
                                "info": 1,
                                "localize": 1,
                                "new": 1,
                                "sort": 1
                            },
                            "levelLinksPosition": "top",
                            "showAllLocalizationLink": 1,
                            "showNewRecordLink": 1,
                            "showPossibleLocalizationRecords": 1,
                            "useSortable": 1
                        },
                        "foreign_field": "parentid",
                        "foreign_sortby": "sorting",
                        "foreign_table": "--inlinetable--",
                        "foreign_table_field": "parenttable",
                        "type": "inline"
                    },
                    "fullKey": "tx_mask_static_module_items",
                    "key": "static_module_items",
                    "type": "inline"
                },
                "tx_mask_text": {
                    "config": {
                        "enableRichtext": 1,
                        "type": "text"
                    },
                    "description": {
                        "3_box_text_static_module": "",
                        "image_link_zoom_in_effect": "",
                        "landing_page_banner": ""
                    },
                    "fullKey": "tx_mask_text",
                    "inPalette": 1,
                    "inlineParent": {
                        "3_box_text_static_module": "tx_mask_a019ac1e55959",
                        "image_link_zoom_in_effect": "tx_mask_285469cab38d1",
                        "landing_page_banner": "tx_mask_49f1c44e65f1b"
                    },
                    "key": "text",
                    "label": {
                        "3_box_text_static_module": "Text",
                        "image_link_zoom_in_effect": "Text",
                        "landing_page_banner": "Text"
                    },
                    "order": {
                        "3_box_text_static_module": 1,
                        "image_link_zoom_in_effect": 1,
                        "landing_page_banner": 1
                    },
                    "type": "richtext"
                },
                "tx_mask_textmobile": {
                    "config": {
                        "enableRichtext": 1,
                        "type": "text"
                    },
                    "description": {
                        "3_box_text_static_module": "",
                        "image_link_zoom_in_effect": "",
                        "landing_page_banner": ""
                    },
                    "fullKey": "tx_mask_textmobile",
                    "inPalette": 1,
                    "inlineParent": {
                        "3_box_text_static_module": "tx_mask_a019ac1e55959",
                        "image_link_zoom_in_effect": "tx_mask_285469cab38d1",
                        "landing_page_banner": "tx_mask_49f1c44e65f1b"
                    },
                    "key": "textmobile",
                    "label": {
                        "3_box_text_static_module": "Text mobile",
                        "image_link_zoom_in_effect": "Text mobile",
                        "landing_page_banner": "Text mobile"
                    },
                    "order": {
                        "3_box_text_static_module": 2,
                        "image_link_zoom_in_effect": 2,
                        "landing_page_banner": 2
                    },
                    "type": "richtext"
                }
            }
        },
        "tx_mask_cards": {
            "palettes": {
                "tx_mask_0b3fade15bfac": {
                    "description": "",
                    "label": "Link",
                    "showitem": [
                        "tx_mask_linktext",
                        "tx_mask_link",
                        "tx_mask_58a42c0569989",
                        "tx_mask_linkclass",
                        "tx_mask_linkaditionaltext"
                    ]
                },
                "tx_mask_78d7b47203244": {
                    "description": "",
                    "label": "Text",
                    "showitem": [
                        "tx_mask_text",
                        "tx_mask_textmobile"
                    ]
                }
            },
            "sql": {
                "tx_mask_headline": {
                    "tx_mask_cards": {
                        "tx_mask_headline": "varchar(255) DEFAULT '' NOT NULL"
                    }
                },
                "tx_mask_headlineicon": {
                    "tx_mask_cards": {
                        "tx_mask_headlineicon": "int(11) unsigned DEFAULT '0' NOT NULL"
                    }
                },
                "tx_mask_link": {
                    "tx_mask_cards": {
                        "tx_mask_link": "varchar(255) DEFAULT '' NOT NULL"
                    }
                },
                "tx_mask_linkaditionaltext": {
                    "tx_mask_cards": {
                        "tx_mask_linkaditionaltext": "mediumtext"
                    }
                },
                "tx_mask_linkclass": {
                    "tx_mask_cards": {
                        "tx_mask_linkclass": "varchar(255) DEFAULT '' NOT NULL"
                    }
                },
                "tx_mask_linktext": {
                    "tx_mask_cards": {
                        "tx_mask_linktext": "varchar(255) DEFAULT '' NOT NULL"
                    }
                },
                "tx_mask_text": {
                    "tx_mask_cards": {
                        "tx_mask_text": "mediumtext"
                    }
                },
                "tx_mask_textmobile": {
                    "tx_mask_cards": {
                        "tx_mask_textmobile": "mediumtext"
                    }
                }
            },
            "tca": {
                "tx_mask_0b3fade15bfac": {
                    "config": {
                        "type": "palette"
                    },
                    "fullKey": "tx_mask_0b3fade15bfac",
                    "inlineParent": "tx_mask_cards",
                    "key": "0b3fade15bfac",
                    "label": "Link",
                    "order": 4,
                    "type": "palette"
                },
                "tx_mask_58a42c0569989": {
                    "config": {
                        "type": "linebreak"
                    },
                    "fullKey": "tx_mask_58a42c0569989",
                    "inPalette": 1,
                    "inlineParent": "tx_mask_0b3fade15bfac",
                    "key": "58a42c0569989",
                    "order": 3,
                    "type": "linebreak"
                },
                "tx_mask_78d7b47203244": {
                    "config": {
                        "type": "palette"
                    },
                    "fullKey": "tx_mask_78d7b47203244",
                    "inlineParent": "tx_mask_cards",
                    "key": "78d7b47203244",
                    "label": "Text",
                    "order": 3,
                    "type": "palette"
                },
                "tx_mask_headline": {
                    "config": {
                        "type": "input"
                    },
                    "fullKey": "tx_mask_headline",
                    "inlineParent": "tx_mask_cards",
                    "key": "headline",
                    "label": "Headline",
                    "order": 1,
                    "type": "string"
                },
                "tx_mask_headlineicon": {
                    "config": {
                        "appearance": {
                            "elementBrowserEnabled": 1,
                            "enabledControls": {
                                "delete": 1,
                                "dragdrop": 1,
                                "hide": 1,
                                "info": 1,
                                "localize": 1,
                                "sort": 0
                            },
                            "fileUploadAllowed": 1,
                            "useSortable": 1
                        },
                        "maxitems": "",
                        "minitems": ""
                    },
                    "fullKey": "tx_mask_headlineicon",
                    "imageoverlayPalette": 1,
                    "inlineParent": "tx_mask_cards",
                    "key": "headlineicon",
                    "label": "Headline Icon",
                    "order": 2,
                    "type": "file"
                },
                "tx_mask_link": {
                    "config": {
                        "renderType": "inputLink",
                        "type": "input"
                    },
                    "fullKey": "tx_mask_link",
                    "inPalette": 1,
                    "inlineParent": "tx_mask_0b3fade15bfac",
                    "key": "link",
                    "label": "Link",
                    "order": 2,
                    "type": "link"
                },
                "tx_mask_linkaditionaltext": {
                    "config": {
                        "enableRichtext": 1,
                        "type": "text"
                    },
                    "fullKey": "tx_mask_linkaditionaltext",
                    "inPalette": 1,
                    "inlineParent": "tx_mask_0b3fade15bfac",
                    "key": "linkaditionaltext",
                    "label": "Link aditional text",
                    "order": 5,
                    "type": "richtext"
                },
                "tx_mask_linkclass": {
                    "config": {
                        "type": "input"
                    },
                    "fullKey": "tx_mask_linkclass",
                    "inPalette": 1,
                    "inlineParent": "tx_mask_0b3fade15bfac",
                    "key": "linkclass",
                    "label": "Link form",
                    "order": 4,
                    "type": "string"
                },
                "tx_mask_linktext": {
                    "config": {
                        "type": "input"
                    },
                    "fullKey": "tx_mask_linktext",
                    "inPalette": 1,
                    "inlineParent": "tx_mask_0b3fade15bfac",
                    "key": "linktext",
                    "label": "Link Text",
                    "order": 1,
                    "type": "string"
                },
                "tx_mask_text": {
                    "config": {
                        "enableRichtext": 1,
                        "type": "text"
                    },
                    "fullKey": "tx_mask_text",
                    "inPalette": 1,
                    "inlineParent": "tx_mask_78d7b47203244",
                    "key": "text",
                    "label": "Text",
                    "order": 1,
                    "type": "richtext"
                },
                "tx_mask_textmobile": {
                    "config": {
                        "enableRichtext": 1,
                        "type": "text"
                    },
                    "fullKey": "tx_mask_textmobile",
                    "inPalette": 1,
                    "inlineParent": "tx_mask_78d7b47203244",
                    "key": "textmobile",
                    "label": "Text Mobile",
                    "order": 2,
                    "type": "richtext"
                }
            }
        },
        "tx_mask_static_module_items": {
            "sql": {
                "tx_mask_headline": {
                    "tx_mask_static_module_items": {
                        "tx_mask_headline": "varchar(255) DEFAULT '' NOT NULL"
                    }
                },
                "tx_mask_icon": {
                    "tx_mask_static_module_items": {
                        "tx_mask_icon": "int(11) unsigned DEFAULT '0' NOT NULL"
                    }
                },
                "tx_mask_intro": {
                    "tx_mask_static_module_items": {
                        "tx_mask_intro": "mediumtext"
                    }
                }
            },
            "tca": {
                "tx_mask_headline": {
                    "config": {
                        "type": "input"
                    },
                    "fullKey": "tx_mask_headline",
                    "inlineParent": "tx_mask_static_module_items",
                    "key": "headline",
                    "label": "Headline",
                    "order": 1,
                    "type": "string"
                },
                "tx_mask_icon": {
                    "config": {
                        "appearance": {
                            "elementBrowserEnabled": 1,
                            "enabledControls": {
                                "delete": 1,
                                "dragdrop": 1,
                                "hide": 1,
                                "info": 1,
                                "localize": 1,
                                "sort": 0
                            },
                            "fileUploadAllowed": 1,
                            "useSortable": 1
                        },
                        "maxitems": "",
                        "minitems": ""
                    },
                    "fullKey": "tx_mask_icon",
                    "imageoverlayPalette": 1,
                    "inlineParent": "tx_mask_static_module_items",
                    "key": "icon",
                    "label": "Icon",
                    "order": 2,
                    "type": "file"
                },
                "tx_mask_intro": {
                    "config": {
                        "enableRichtext": 1,
                        "type": "text"
                    },
                    "fullKey": "tx_mask_intro",
                    "inlineParent": "tx_mask_static_module_items",
                    "key": "intro",
                    "label": "Intro",
                    "order": 3,
                    "type": "richtext"
                }
            }
        }
    }
}
