{
    "version": "7.2.0",
    "tables": {
        "tt_content": {
            "elements": {
                "eccosystem": {
                    "color": "#000000",
                    "colorOverlay": "#000000",
                    "columns": [
                        "tx_mask_headline",
                        "tx_mask_partnerslist"
                    ],
                    "description": "",
                    "descriptions": [
                        "",
                        ""
                    ],
                    "icon": "fa-assistive-listening-systems",
                    "iconOverlay": "",
                    "key": "eccosystem",
                    "label": "Eccosystem",
                    "labels": [
                        "Headline",
                        "Elements"
                    ],
                    "shortLabel": "",
                    "sorting": 6
                }
            },
            "sql": {
                "tx_mask_headline": {
                    "tt_content": {
                        "tx_mask_headline": "mediumtext"
                    }
                },
                "tx_mask_partnerslist": {
                    "tt_content": {
                        "tx_mask_partnerslist": "int(11) unsigned DEFAULT '0' NOT NULL"
                    }
                }
            },
            "tca": {
                "tx_mask_headline": {
                    "config": {
                        "enableRichtext": 1,
                        "type": "text"
                    },
                    "fullKey": "tx_mask_headline",
                    "key": "headline",
                    "type": "richtext"
                },
                "tx_mask_partnerslist": {
                    "config": {
                        "appearance": {
                            "enabledControls": {
                                "delete": 1,
                                "dragdrop": 1,
                                "hide": 1,
                                "info": 1,
                                "localize": 1,
                                "new": 1,
                                "sort": 1
                            },
                            "levelLinksPosition": "top",
                            "showAllLocalizationLink": 1,
                            "showNewRecordLink": 1,
                            "showPossibleLocalizationRecords": 1,
                            "useSortable": 1
                        },
                        "foreign_field": "parentid",
                        "foreign_sortby": "sorting",
                        "foreign_table": "--inlinetable--",
                        "foreign_table_field": "parenttable",
                        "type": "inline"
                    },
                    "fullKey": "tx_mask_partnerslist",
                    "key": "partnerslist",
                    "type": "inline"
                }
            }
        },
        "tx_mask_partnerslist": {
            "sql": {
                "tx_mask_partnersheadline": {
                    "tx_mask_partnerslist": {
                        "tx_mask_partnersheadline": "mediumtext"
                    }
                },
                "tx_mask_partnerslogo": {
                    "tx_mask_partnerslist": {
                        "tx_mask_partnerslogo": "int(11) unsigned DEFAULT '0' NOT NULL"
                    }
                }
            },
            "tca": {
                "tx_mask_partnersheadline": {
                    "config": {
                        "enableRichtext": 1,
                        "type": "text"
                    },
                    "fullKey": "tx_mask_partnersheadline",
                    "inlineParent": "tx_mask_partnerslist",
                    "key": "partnersheadline",
                    "label": "Headline",
                    "order": 1,
                    "type": "richtext"
                },
                "tx_mask_partnerslogo": {
                    "config": {
                        "appearance": {
                            "enabledControls": {
                                "delete": 1,
                                "dragdrop": 1,
                                "hide": 1,
                                "info": 1,
                                "localize": 1,
                                "new": 1,
                                "sort": 1
                            },
                            "levelLinksPosition": "top",
                            "showAllLocalizationLink": 1,
                            "showNewRecordLink": 1,
                            "showPossibleLocalizationRecords": 1,
                            "useSortable": 1
                        },
                        "foreign_field": "parentid",
                        "foreign_sortby": "sorting",
                        "foreign_table": "--inlinetable--",
                        "foreign_table_field": "parenttable",
                        "type": "inline"
                    },
                    "fullKey": "tx_mask_partnerslogo",
                    "inlineParent": "tx_mask_partnerslist",
                    "key": "partnerslogo",
                    "label": "Partners item",
                    "order": 2,
                    "type": "inline"
                }
            }
        },
        "tx_mask_partnerslogo": {
            "sql": {
                "tx_mask_partnerlink": {
                    "tx_mask_partnerslogo": {
                        "tx_mask_partnerlink": "varchar(255) DEFAULT '' NOT NULL"
                    }
                },
                "tx_mask_partnerlogo": {
                    "tx_mask_partnerslogo": {
                        "tx_mask_partnerlogo": "int(11) unsigned DEFAULT '0' NOT NULL"
                    }
                },
                "tx_mask_partnerlogomobile": {
                    "tx_mask_partnerslogo": {
                        "tx_mask_partnerlogomobile": "int(11) unsigned DEFAULT '0' NOT NULL"
                    }
                }
            },
            "tca": {
                "tx_mask_partnerlink": {
                    "config": {
                        "renderType": "inputLink",
                        "type": "input"
                    },
                    "fullKey": "tx_mask_partnerlink",
                    "inlineParent": "tx_mask_partnerslogo",
                    "key": "partnerlink",
                    "label": "Link",
                    "order": 3,
                    "type": "link"
                },
                "tx_mask_partnerlogo": {
                    "config": {
                        "appearance": {
                            "elementBrowserEnabled": 1,
                            "enabledControls": {
                                "delete": 1,
                                "dragdrop": 1,
                                "hide": 1,
                                "info": 1,
                                "localize": 1,
                                "sort": 0
                            },
                            "fileUploadAllowed": 1,
                            "useSortable": 1
                        },
                        "maxitems": "",
                        "minitems": ""
                    },
                    "fullKey": "tx_mask_partnerlogo",
                    "imageoverlayPalette": 1,
                    "inlineParent": "tx_mask_partnerslogo",
                    "key": "partnerlogo",
                    "label": "Logo",
                    "order": 1,
                    "type": "file"
                },
                "tx_mask_partnerlogomobile": {
                    "config": {
                        "appearance": {
                            "elementBrowserEnabled": 1,
                            "enabledControls": {
                                "delete": 1,
                                "dragdrop": 1,
                                "hide": 1,
                                "info": 1,
                                "localize": 1,
                                "sort": 0
                            },
                            "fileUploadAllowed": 1,
                            "useSortable": 1
                        },
                        "maxitems": "",
                        "minitems": ""
                    },
                    "fullKey": "tx_mask_partnerlogomobile",
                    "imageoverlayPalette": 1,
                    "inlineParent": "tx_mask_partnerslogo",
                    "key": "partnerlogomobile",
                    "label": "Logo mobile",
                    "order": 2,
                    "type": "file"
                }
            }
        }
    }
}
