{
    "version": "7.2.0",
    "tables": {
        "tt_content": {
            "elements": {
                "guest_flow": {
                    "color": "#000000",
                    "colorOverlay": "#000000",
                    "columns": [
                        "tx_mask_headline",
                        "tx_mask_subheadline",
                        "tx_mask_downloads"
                    ],
                    "description": "",
                    "descriptions": [
                        "",
                        "",
                        ""
                    ],
                    "icon": "fa-stack-overflow",
                    "iconOverlay": "",
                    "key": "guest_flow",
                    "label": "Guest flow",
                    "labels": [
                        "Headline",
                        "Subheadline",
                        "Elements"
                    ],
                    "shortLabel": "",
                    "sorting": 19
                }
            },
            "sql": {
                "tx_mask_downloads": {
                    "tt_content": {
                        "tx_mask_downloads": "int(11) unsigned DEFAULT '0' NOT NULL"
                    }
                },
                "tx_mask_headline": {
                    "tt_content": {
                        "tx_mask_headline": "mediumtext"
                    }
                },
                "tx_mask_subheadline": {
                    "tt_content": {
                        "tx_mask_subheadline": "mediumtext"
                    }
                }
            },
            "tca": {
                "tx_mask_downloads": {
                    "config": {
                        "appearance": {
                            "enabledControls": {
                                "delete": 1,
                                "dragdrop": 1,
                                "hide": 1,
                                "info": 1,
                                "localize": 1,
                                "new": 1,
                                "sort": 1
                            },
                            "levelLinksPosition": "top",
                            "showAllLocalizationLink": 1,
                            "showNewRecordLink": 1,
                            "showPossibleLocalizationRecords": 1,
                            "useSortable": 1
                        },
                        "foreign_field": "parentid",
                        "foreign_sortby": "sorting",
                        "foreign_table": "--inlinetable--",
                        "foreign_table_field": "parenttable",
                        "type": "inline"
                    },
                    "fullKey": "tx_mask_downloads",
                    "key": "downloads",
                    "type": "inline"
                },
                "tx_mask_headline": {
                    "config": {
                        "enableRichtext": 1,
                        "type": "text"
                    },
                    "fullKey": "tx_mask_headline",
                    "key": "headline",
                    "type": "richtext"
                },
                "tx_mask_subheadline": {
                    "config": {
                        "enableRichtext": 1,
                        "type": "text"
                    },
                    "fullKey": "tx_mask_subheadline",
                    "key": "subheadline",
                    "type": "richtext"
                }
            }
        },
        "tx_mask_downloads": {
            "sql": {
                "tx_mask_downloadlink": {
                    "tx_mask_downloads": {
                        "tx_mask_downloadlink": "varchar(255) DEFAULT '' NOT NULL"
                    }
                },
                "tx_mask_image": {
                    "tx_mask_downloads": {
                        "tx_mask_image": "int(11) unsigned DEFAULT '0' NOT NULL"
                    }
                }
            },
            "tca": {
                "tx_mask_downloadlink": {
                    "config": {
                        "renderType": "inputLink",
                        "type": "input"
                    },
                    "fullKey": "tx_mask_downloadlink",
                    "inlineParent": "tx_mask_downloads",
                    "key": "downloadlink",
                    "label": "Download link",
                    "order": 2,
                    "type": "link"
                },
                "tx_mask_image": {
                    "config": {
                        "appearance": {
                            "elementBrowserEnabled": 1,
                            "enabledControls": {
                                "delete": 1,
                                "dragdrop": 1,
                                "hide": 1,
                                "info": 1,
                                "localize": 1,
                                "sort": 0
                            },
                            "fileUploadAllowed": 1,
                            "useSortable": 1
                        },
                        "maxitems": "",
                        "minitems": ""
                    },
                    "fullKey": "tx_mask_image",
                    "imageoverlayPalette": 1,
                    "inlineParent": "tx_mask_downloads",
                    "key": "image",
                    "label": "Image",
                    "order": 1,
                    "type": "file"
                }
            }
        }
    }
}
