{
    "version": "7.2.0",
    "tables": {
        "tt_content": {
            "elements": {
                "image_text_hover_effect": {
                    "color": "#000000",
                    "colorOverlay": "#000000",
                    "columns": [
                        "tx_mask_headline",
                        "tx_mask_subheadline",
                        "tx_mask_imageelemenet"
                    ],
                    "description": "",
                    "descriptions": [
                        "",
                        "",
                        ""
                    ],
                    "icon": "fa-align-left",
                    "iconOverlay": "",
                    "key": "image_text_hover_effect",
                    "label": "Image text hover effect",
                    "labels": [
                        "Headline",
                        "Subheadline",
                        "Elements"
                    ],
                    "shortLabel": "",
                    "sorting": 16
                }
            },
            "sql": {
                "tx_mask_headline": {
                    "tt_content": {
                        "tx_mask_headline": "mediumtext"
                    }
                },
                "tx_mask_imageelemenet": {
                    "tt_content": {
                        "tx_mask_imageelemenet": "int(11) unsigned DEFAULT '0' NOT NULL"
                    }
                },
                "tx_mask_subheadline": {
                    "tt_content": {
                        "tx_mask_subheadline": "mediumtext"
                    }
                }
            },
            "tca": {
                "tx_mask_headline": {
                    "config": {
                        "enableRichtext": 1,
                        "type": "text"
                    },
                    "fullKey": "tx_mask_headline",
                    "key": "headline",
                    "type": "richtext"
                },
                "tx_mask_imageelemenet": {
                    "config": {
                        "appearance": {
                            "enabledControls": {
                                "delete": 1,
                                "dragdrop": 1,
                                "hide": 1,
                                "info": 1,
                                "localize": 1,
                                "new": 1,
                                "sort": 1
                            },
                            "levelLinksPosition": "top",
                            "showAllLocalizationLink": 1,
                            "showNewRecordLink": 1,
                            "showPossibleLocalizationRecords": 1,
                            "useSortable": 1
                        },
                        "foreign_field": "parentid",
                        "foreign_sortby": "sorting",
                        "foreign_table": "--inlinetable--",
                        "foreign_table_field": "parenttable",
                        "type": "inline"
                    },
                    "fullKey": "tx_mask_imageelemenet",
                    "key": "imageelemenet",
                    "type": "inline"
                },
                "tx_mask_subheadline": {
                    "config": {
                        "enableRichtext": 1,
                        "type": "text"
                    },
                    "fullKey": "tx_mask_subheadline",
                    "key": "subheadline",
                    "type": "richtext"
                }
            }
        },
        "tx_mask_imageelemenet": {
            "sql": {
                "tx_mask_image": {
                    "tx_mask_imageelemenet": {
                        "tx_mask_image": "int(11) unsigned DEFAULT '0' NOT NULL"
                    }
                },
                "tx_mask_logo": {
                    "tx_mask_imageelemenet": {
                        "tx_mask_logo": "int(11) unsigned DEFAULT '0' NOT NULL"
                    }
                },
                "tx_mask_logo2": {
                    "tx_mask_imageelemenet": {
                        "tx_mask_logo2": "int(11) unsigned DEFAULT '0' NOT NULL"
                    }
                },
                "tx_mask_text": {
                    "tx_mask_imageelemenet": {
                        "tx_mask_text": "mediumtext"
                    }
                },
                "tx_mask_title": {
                    "tx_mask_imageelemenet": {
                        "tx_mask_title": "mediumtext"
                    }
                }
            },
            "tca": {
                "tx_mask_image": {
                    "config": {
                        "appearance": {
                            "elementBrowserEnabled": 1,
                            "enabledControls": {
                                "delete": 1,
                                "dragdrop": 1,
                                "hide": 1,
                                "info": 1,
                                "localize": 1,
                                "sort": 0
                            },
                            "fileUploadAllowed": 1,
                            "useSortable": 1
                        },
                        "maxitems": "",
                        "minitems": ""
                    },
                    "fullKey": "tx_mask_image",
                    "imageoverlayPalette": 1,
                    "inlineParent": "tx_mask_imageelemenet",
                    "key": "image",
                    "label": "Image",
                    "order": 1,
                    "type": "file"
                },
                "tx_mask_logo": {
                    "config": {
                        "appearance": {
                            "elementBrowserEnabled": 1,
                            "enabledControls": {
                                "delete": 1,
                                "dragdrop": 1,
                                "hide": 1,
                                "info": 1,
                                "localize": 1,
                                "sort": 0
                            },
                            "fileUploadAllowed": 1,
                            "useSortable": 1
                        },
                        "maxitems": "",
                        "minitems": ""
                    },
                    "fullKey": "tx_mask_logo",
                    "imageoverlayPalette": 1,
                    "inlineParent": "tx_mask_imageelemenet",
                    "key": "logo",
                    "label": "Logo",
                    "order": 2,
                    "type": "file"
                },
                "tx_mask_logo2": {
                    "config": {
                        "appearance": {
                            "elementBrowserEnabled": 1,
                            "enabledControls": {
                                "delete": 1,
                                "dragdrop": 1,
                                "hide": 1,
                                "info": 1,
                                "localize": 1,
                                "sort": 0
                            },
                            "fileUploadAllowed": 1,
                            "useSortable": 1
                        },
                        "maxitems": "",
                        "minitems": ""
                    },
                    "fullKey": "tx_mask_logo2",
                    "imageoverlayPalette": 1,
                    "inlineParent": "tx_mask_imageelemenet",
                    "key": "logo2",
                    "label": "Logo 2",
                    "order": 3,
                    "type": "file"
                },
                "tx_mask_text": {
                    "config": {
                        "enableRichtext": 1,
                        "type": "text"
                    },
                    "fullKey": "tx_mask_text",
                    "inlineParent": "tx_mask_imageelemenet",
                    "key": "text",
                    "label": "Text",
                    "order": 5,
                    "type": "richtext"
                },
                "tx_mask_title": {
                    "config": {
                        "enableRichtext": 1,
                        "type": "text"
                    },
                    "fullKey": "tx_mask_title",
                    "inlineParent": "tx_mask_imageelemenet",
                    "key": "title",
                    "label": "Title",
                    "order": 4,
                    "type": "richtext"
                }
            }
        }
    }
}
