{
    "version": "7.2.0",
    "tables": {
        "tt_content": {
            "elements": {
                "image_link_zoom_in_effect": {
                    "color": "#000000",
                    "colorOverlay": "#000000",
                    "columns": [
                        "tx_mask_type",
                        "tx_mask_headline",
                        "tx_mask_285469cab38d1",
                        "tx_mask_zoomelements",
                        "tx_mask_link1text"
                    ],
                    "description": "",
                    "descriptions": [
                        "",
                        "",
                        "",
                        "",
                        ""
                    ],
                    "icon": "fa-amazon",
                    "iconOverlay": "",
                    "key": "image_link_zoom_in_effect",
                    "label": "Image link zoom in effect",
                    "labels": [
                        "Type",
                        "Headline",
                        "Text",
                        "Elements",
                        "Link text"
                    ],
                    "shortLabel": "",
                    "sorting": 17
                }
            },
            "palettes": {
                "tx_mask_285469cab38d1": {
                    "description": "",
                    "label": "Text",
                    "showitem": [
                        "tx_mask_text",
                        "tx_mask_textmobile"
                    ]
                }
            },
            "sql": {
                "tx_mask_headline": {
                    "tt_content": {
                        "tx_mask_headline": "mediumtext"
                    }
                },
                "tx_mask_link1text": {
                    "tt_content": {
                        "tx_mask_link1text": "varchar(255) DEFAULT '' NOT NULL"
                    }
                },
                "tx_mask_text": {
                    "tt_content": {
                        "tx_mask_text": "mediumtext"
                    }
                },
                "tx_mask_textmobile": {
                    "tt_content": {
                        "tx_mask_textmobile": "mediumtext"
                    }
                },
                "tx_mask_type": {
                    "tt_content": {
                        "tx_mask_type": "varchar(255) DEFAULT '' NOT NULL"
                    }
                },
                "tx_mask_zoomelements": {
                    "tt_content": {
                        "tx_mask_zoomelements": "int(11) unsigned DEFAULT '0' NOT NULL"
                    }
                }
            },
            "tca": {
                "tx_mask_285469cab38d1": {
                    "config": {
                        "type": "palette"
                    },
                    "fullKey": "tx_mask_285469cab38d1",
                    "key": "285469cab38d1",
                    "type": "palette"
                },
                "tx_mask_headline": {
                    "config": {
                        "enableRichtext": 1,
                        "type": "text"
                    },
                    "description": {
                        "3_box_text_static_module": ""
                    },
                    "fullKey": "tx_mask_headline",
                    "inPalette": 1,
                    "inlineParent": {
                        "3_box_text_static_module": "tx_mask_5502a1390dd8f"
                    },
                    "key": "headline",
                    "label": {
                        "3_box_text_static_module": "Headline"
                    },
                    "order": {
                        "3_box_text_static_module": 1
                    },
                    "type": "richtext"
                },
                "tx_mask_link1text": {
                    "config": {
                        "type": "input"
                    },
                    "description": {
                        "landing_page_banner": "",
                        "simple_text": ""
                    },
                    "fullKey": "tx_mask_link1text",
                    "inPalette": 1,
                    "inlineParent": {
                        "landing_page_banner": "tx_mask_0621319df136",
                        "simple_text": "tx_mask_cd846f6fc623e"
                    },
                    "key": "link1text",
                    "label": {
                        "landing_page_banner": "Link text",
                        "simple_text": "Link text"
                    },
                    "order": {
                        "landing_page_banner": 1,
                        "simple_text": 1
                    },
                    "type": "string"
                },
                "tx_mask_text": {
                    "config": {
                        "enableRichtext": 1,
                        "type": "text"
                    },
                    "description": {
                        "3_box_text_static_module": "",
                        "image_link_zoom_in_effect": "",
                        "landing_page_banner": ""
                    },
                    "fullKey": "tx_mask_text",
                    "inPalette": 1,
                    "inlineParent": {
                        "3_box_text_static_module": "tx_mask_a019ac1e55959",
                        "image_link_zoom_in_effect": "tx_mask_285469cab38d1",
                        "landing_page_banner": "tx_mask_49f1c44e65f1b"
                    },
                    "key": "text",
                    "label": {
                        "3_box_text_static_module": "Text",
                        "image_link_zoom_in_effect": "Text",
                        "landing_page_banner": "Text"
                    },
                    "order": {
                        "3_box_text_static_module": 1,
                        "image_link_zoom_in_effect": 1,
                        "landing_page_banner": 1
                    },
                    "type": "richtext"
                },
                "tx_mask_textmobile": {
                    "config": {
                        "enableRichtext": 1,
                        "type": "text"
                    },
                    "description": {
                        "3_box_text_static_module": "",
                        "image_link_zoom_in_effect": "",
                        "landing_page_banner": ""
                    },
                    "fullKey": "tx_mask_textmobile",
                    "inPalette": 1,
                    "inlineParent": {
                        "3_box_text_static_module": "tx_mask_a019ac1e55959",
                        "image_link_zoom_in_effect": "tx_mask_285469cab38d1",
                        "landing_page_banner": "tx_mask_49f1c44e65f1b"
                    },
                    "key": "textmobile",
                    "label": {
                        "3_box_text_static_module": "Text mobile",
                        "image_link_zoom_in_effect": "Text mobile",
                        "landing_page_banner": "Text mobile"
                    },
                    "order": {
                        "3_box_text_static_module": 2,
                        "image_link_zoom_in_effect": 2,
                        "landing_page_banner": 2
                    },
                    "type": "richtext"
                },
                "tx_mask_type": {
                    "config": {
                        "default": "type_1",
                        "fieldWizard": {
                            "selectIcons": {
                                "disabled": 1
                            }
                        },
                        "items": [
                            [
                                "Type 1",
                                "type_1",
                                "",
                                ""
                            ],
                            [
                                "Type 2",
                                "type_2",
                                "",
                                ""
                            ]
                        ],
                        "renderType": "selectSingle",
                        "type": "select"
                    },
                    "fullKey": "tx_mask_type",
                    "key": "type",
                    "type": "select"
                },
                "tx_mask_zoomelements": {
                    "config": {
                        "appearance": {
                            "enabledControls": {
                                "delete": 1,
                                "dragdrop": 1,
                                "hide": 1,
                                "info": 1,
                                "localize": 1,
                                "new": 1,
                                "sort": 1
                            },
                            "levelLinksPosition": "top",
                            "showAllLocalizationLink": 1,
                            "showNewRecordLink": 1,
                            "showPossibleLocalizationRecords": 1,
                            "useSortable": 1
                        },
                        "foreign_field": "parentid",
                        "foreign_sortby": "sorting",
                        "foreign_table": "--inlinetable--",
                        "foreign_table_field": "parenttable",
                        "type": "inline"
                    },
                    "fullKey": "tx_mask_zoomelements",
                    "key": "zoomelements",
                    "type": "inline"
                }
            }
        },
        "tx_mask_zoomelements": {
            "palettes": {
                "tx_mask_b3dd5f5ca4669": {
                    "description": "",
                    "label": "Tag",
                    "showitem": [
                        "tx_mask_tags",
                        "tx_mask_tagmobile"
                    ]
                },
                "tx_mask_eaedb45a64daf": {
                    "description": "",
                    "label": "Title",
                    "showitem": [
                        "tx_mask_text",
                        "tx_mask_textmobile"
                    ]
                }
            },
            "sql": {
                "tx_mask_image": {
                    "tx_mask_zoomelements": {
                        "tx_mask_image": "int(11) unsigned DEFAULT '0' NOT NULL"
                    }
                },
                "tx_mask_link": {
                    "tx_mask_zoomelements": {
                        "tx_mask_link": "varchar(255) DEFAULT '' NOT NULL"
                    }
                },
                "tx_mask_tagmobile": {
                    "tx_mask_zoomelements": {
                        "tx_mask_tagmobile": "mediumtext"
                    }
                },
                "tx_mask_tags": {
                    "tx_mask_zoomelements": {
                        "tx_mask_tags": "mediumtext"
                    }
                },
                "tx_mask_text": {
                    "tx_mask_zoomelements": {
                        "tx_mask_text": "mediumtext"
                    }
                },
                "tx_mask_textmobile": {
                    "tx_mask_zoomelements": {
                        "tx_mask_textmobile": "mediumtext"
                    }
                },
                "tx_mask_title": {
                    "tx_mask_zoomelements": {
                        "tx_mask_title": "mediumtext"
                    }
                }
            },
            "tca": {
                "tx_mask_b3dd5f5ca4669": {
                    "config": {
                        "type": "palette"
                    },
                    "fullKey": "tx_mask_b3dd5f5ca4669",
                    "inlineParent": "tx_mask_zoomelements",
                    "key": "b3dd5f5ca4669",
                    "label": "Tag",
                    "order": 5,
                    "type": "palette"
                },
                "tx_mask_eaedb45a64daf": {
                    "config": {
                        "type": "palette"
                    },
                    "fullKey": "tx_mask_eaedb45a64daf",
                    "inlineParent": "tx_mask_zoomelements",
                    "key": "eaedb45a64daf",
                    "label": "Title",
                    "order": 4,
                    "type": "palette"
                },
                "tx_mask_image": {
                    "config": {
                        "appearance": {
                            "elementBrowserEnabled": 1,
                            "enabledControls": {
                                "delete": 1,
                                "dragdrop": 1,
                                "hide": 1,
                                "info": 1,
                                "localize": 1,
                                "sort": 0
                            },
                            "fileUploadAllowed": 1,
                            "useSortable": 1
                        },
                        "maxitems": "",
                        "minitems": ""
                    },
                    "fullKey": "tx_mask_image",
                    "imageoverlayPalette": 1,
                    "inlineParent": "tx_mask_zoomelements",
                    "key": "image",
                    "label": "Image",
                    "order": 2,
                    "type": "file"
                },
                "tx_mask_link": {
                    "config": {
                        "renderType": "inputLink",
                        "type": "input"
                    },
                    "fullKey": "tx_mask_link",
                    "inlineParent": "tx_mask_zoomelements",
                    "key": "link",
                    "label": "Link",
                    "order": 1,
                    "type": "link"
                },
                "tx_mask_tagmobile": {
                    "config": {
                        "enableRichtext": 1,
                        "type": "text"
                    },
                    "fullKey": "tx_mask_tagmobile",
                    "inPalette": 1,
                    "inlineParent": "tx_mask_b3dd5f5ca4669",
                    "key": "tagmobile",
                    "label": "Tag mobile",
                    "order": 2,
                    "type": "richtext"
                },
                "tx_mask_tags": {
                    "config": {
                        "enableRichtext": 1,
                        "type": "text"
                    },
                    "fullKey": "tx_mask_tags",
                    "inPalette": 1,
                    "inlineParent": "tx_mask_b3dd5f5ca4669",
                    "key": "tags",
                    "label": "Tags",
                    "order": 1,
                    "type": "richtext"
                },
                "tx_mask_text": {
                    "config": {
                        "enableRichtext": 1,
                        "type": "text"
                    },
                    "fullKey": "tx_mask_text",
                    "inPalette": 1,
                    "inlineParent": "tx_mask_eaedb45a64daf",
                    "key": "text",
                    "label": "Text",
                    "order": 1,
                    "type": "richtext"
                },
                "tx_mask_textmobile": {
                    "config": {
                        "enableRichtext": 1,
                        "type": "text"
                    },
                    "fullKey": "tx_mask_textmobile",
                    "inPalette": 1,
                    "inlineParent": "tx_mask_eaedb45a64daf",
                    "key": "textmobile",
                    "label": "Text mobile",
                    "order": 2,
                    "type": "richtext"
                },
                "tx_mask_title": {
                    "config": {
                        "enableRichtext": 1,
                        "type": "text"
                    },
                    "fullKey": "tx_mask_title",
                    "inlineParent": "tx_mask_zoomelements",
                    "key": "title",
                    "label": "Title",
                    "order": 3,
                    "type": "richtext"
                }
            }
        }
    }
}
