{
    "version": "7.2.0",
    "tables": {
        "tt_content": {
            "elements": {
                "labs": {
                    "color": "#000000",
                    "colorOverlay": "#000000",
                    "columns": [
                        "tx_mask_headline",
                        "tx_mask_text",
                        "tx_mask_textmobile",
                        "tx_mask_subheadline",
                        "tx_mask_itemslist",
                        "tx_mask_imagetextslider"
                    ],
                    "description": "",
                    "descriptions": [
                        "",
                        "",
                        "",
                        "",
                        "",
                        ""
                    ],
                    "icon": "fa-gitlab",
                    "iconOverlay": "",
                    "key": "labs",
                    "label": "Labs",
                    "labels": [
                        "Headline",
                        "Text",
                        "Text mobile",
                        "Subheadline",
                        "Elements",
                        "Elements"
                    ],
                    "shortLabel": "",
                    "sorting": 8
                }
            },
            "sql": {
                "tx_mask_headline": {
                    "tt_content": {
                        "tx_mask_headline": "mediumtext"
                    }
                },
                "tx_mask_imagetextslider": {
                    "tt_content": {
                        "tx_mask_imagetextslider": "int(11) unsigned DEFAULT '0' NOT NULL"
                    }
                },
                "tx_mask_itemslist": {
                    "tt_content": {
                        "tx_mask_itemslist": "int(11) unsigned DEFAULT '0' NOT NULL"
                    }
                },
                "tx_mask_subheadline": {
                    "tt_content": {
                        "tx_mask_subheadline": "mediumtext"
                    }
                },
                "tx_mask_text": {
                    "tt_content": {
                        "tx_mask_text": "mediumtext"
                    }
                },
                "tx_mask_textmobile": {
                    "tt_content": {
                        "tx_mask_textmobile": "mediumtext"
                    }
                }
            },
            "tca": {
                "tx_mask_headline": {
                    "config": {
                        "enableRichtext": 1,
                        "type": "text"
                    },
                    "fullKey": "tx_mask_headline",
                    "key": "headline",
                    "type": "richtext"
                },
                "tx_mask_imagetextslider": {
                    "config": {
                        "appearance": {
                            "enabledControls": {
                                "delete": 1,
                                "dragdrop": 1,
                                "hide": 1,
                                "info": 1,
                                "localize": 1,
                                "new": 1,
                                "sort": 1
                            },
                            "levelLinksPosition": "top",
                            "showAllLocalizationLink": 1,
                            "showNewRecordLink": 1,
                            "showPossibleLocalizationRecords": 1,
                            "useSortable": 1
                        },
                        "foreign_field": "parentid",
                        "foreign_sortby": "sorting",
                        "foreign_table": "--inlinetable--",
                        "foreign_table_field": "parenttable",
                        "type": "inline"
                    },
                    "fullKey": "tx_mask_imagetextslider",
                    "key": "imagetextslider",
                    "type": "inline"
                },
                "tx_mask_itemslist": {
                    "config": {
                        "appearance": {
                            "enabledControls": {
                                "delete": 1,
                                "dragdrop": 1,
                                "hide": 1,
                                "info": 1,
                                "localize": 1,
                                "new": 1,
                                "sort": 1
                            },
                            "levelLinksPosition": "top",
                            "showAllLocalizationLink": 1,
                            "showNewRecordLink": 1,
                            "showPossibleLocalizationRecords": 1,
                            "useSortable": 1
                        },
                        "foreign_field": "parentid",
                        "foreign_sortby": "sorting",
                        "foreign_table": "--inlinetable--",
                        "foreign_table_field": "parenttable",
                        "type": "inline"
                    },
                    "fullKey": "tx_mask_itemslist",
                    "key": "itemslist",
                    "type": "inline"
                },
                "tx_mask_subheadline": {
                    "config": {
                        "enableRichtext": 1,
                        "type": "text"
                    },
                    "fullKey": "tx_mask_subheadline",
                    "key": "subheadline",
                    "type": "richtext"
                },
                "tx_mask_text": {
                    "config": {
                        "enableRichtext": 1,
                        "type": "text"
                    },
                    "fullKey": "tx_mask_text",
                    "key": "text",
                    "type": "richtext"
                },
                "tx_mask_textmobile": {
                    "config": {
                        "enableRichtext": 1,
                        "type": "text"
                    },
                    "fullKey": "tx_mask_textmobile",
                    "key": "textmobile",
                    "type": "richtext"
                }
            }
        },
        "tx_mask_buttonslist": {
            "sql": {
                "tx_mask_link": {
                    "tx_mask_buttonslist": {
                        "tx_mask_link": "varchar(255) DEFAULT '' NOT NULL"
                    }
                },
                "tx_mask_linktext": {
                    "tx_mask_buttonslist": {
                        "tx_mask_linktext": "varchar(255) DEFAULT '' NOT NULL"
                    }
                }
            },
            "tca": {
                "tx_mask_link": {
                    "config": {
                        "renderType": "inputLink",
                        "type": "input"
                    },
                    "fullKey": "tx_mask_link",
                    "inlineParent": "tx_mask_buttonslist",
                    "key": "link",
                    "label": "Link",
                    "order": 1,
                    "type": "link"
                },
                "tx_mask_linktext": {
                    "config": {
                        "type": "input"
                    },
                    "fullKey": "tx_mask_linktext",
                    "inlineParent": "tx_mask_buttonslist",
                    "key": "linktext",
                    "label": "Link text",
                    "order": 2,
                    "type": "string"
                }
            }
        },
        "tx_mask_imagetextslider": {
            "sql": {
                "tx_mask_headline": {
                    "tx_mask_imagetextslider": {
                        "tx_mask_headline": "mediumtext"
                    }
                },
                "tx_mask_image": {
                    "tx_mask_imagetextslider": {
                        "tx_mask_image": "int(11) unsigned DEFAULT '0' NOT NULL"
                    }
                },
                "tx_mask_link": {
                    "tx_mask_imagetextslider": {
                        "tx_mask_link": "varchar(255) DEFAULT '' NOT NULL"
                    }
                },
                "tx_mask_linktext": {
                    "tx_mask_imagetextslider": {
                        "tx_mask_linktext": "varchar(255) DEFAULT '' NOT NULL"
                    }
                },
                "tx_mask_mobilestatusblack": {
                    "tx_mask_imagetextslider": {
                        "tx_mask_mobilestatusblack": "int(11) DEFAULT '0' NOT NULL"
                    }
                },
                "tx_mask_status": {
                    "tx_mask_imagetextslider": {
                        "tx_mask_status": "mediumtext"
                    }
                },
                "tx_mask_text": {
                    "tx_mask_imagetextslider": {
                        "tx_mask_text": "mediumtext"
                    }
                }
            },
            "tca": {
                "tx_mask_headline": {
                    "config": {
                        "enableRichtext": 1,
                        "type": "text"
                    },
                    "fullKey": "tx_mask_headline",
                    "inlineParent": "tx_mask_imagetextslider",
                    "key": "headline",
                    "label": "Headline",
                    "order": 3,
                    "type": "richtext"
                },
                "tx_mask_image": {
                    "config": {
                        "appearance": {
                            "elementBrowserEnabled": 1,
                            "enabledControls": {
                                "delete": 1,
                                "dragdrop": 1,
                                "hide": 1,
                                "info": 1,
                                "localize": 1,
                                "sort": 0
                            },
                            "fileUploadAllowed": 1,
                            "useSortable": 1
                        },
                        "maxitems": "",
                        "minitems": ""
                    },
                    "fullKey": "tx_mask_image",
                    "imageoverlayPalette": 1,
                    "inlineParent": "tx_mask_imagetextslider",
                    "key": "image",
                    "label": "Image",
                    "order": 7,
                    "type": "file"
                },
                "tx_mask_link": {
                    "config": {
                        "renderType": "inputLink",
                        "type": "input"
                    },
                    "fullKey": "tx_mask_link",
                    "inlineParent": "tx_mask_imagetextslider",
                    "key": "link",
                    "label": "Link",
                    "order": 6,
                    "type": "link"
                },
                "tx_mask_linktext": {
                    "config": {
                        "type": "input"
                    },
                    "fullKey": "tx_mask_linktext",
                    "inlineParent": "tx_mask_imagetextslider",
                    "key": "linktext",
                    "label": "Link text",
                    "order": 5,
                    "type": "string"
                },
                "tx_mask_mobilestatusblack": {
                    "config": {
                        "items": [],
                        "type": "check"
                    },
                    "fullKey": "tx_mask_mobilestatusblack",
                    "inlineParent": "tx_mask_imagetextslider",
                    "key": "mobilestatusblack",
                    "label": "Mobile status black",
                    "order": 1,
                    "type": "check"
                },
                "tx_mask_status": {
                    "config": {
                        "enableRichtext": 1,
                        "type": "text"
                    },
                    "fullKey": "tx_mask_status",
                    "inlineParent": "tx_mask_imagetextslider",
                    "key": "status",
                    "label": "Status",
                    "order": 2,
                    "type": "richtext"
                },
                "tx_mask_text": {
                    "config": {
                        "enableRichtext": 1,
                        "type": "text"
                    },
                    "fullKey": "tx_mask_text",
                    "inlineParent": "tx_mask_imagetextslider",
                    "key": "text",
                    "label": "Text",
                    "order": 4,
                    "type": "richtext"
                }
            }
        },
        "tx_mask_itemslist": {
            "sql": {
                "tx_mask_buttonslist": {
                    "tx_mask_itemslist": {
                        "tx_mask_buttonslist": "int(11) unsigned DEFAULT '0' NOT NULL"
                    }
                },
                "tx_mask_headline": {
                    "tx_mask_itemslist": {
                        "tx_mask_headline": "mediumtext"
                    }
                },
                "tx_mask_icon": {
                    "tx_mask_itemslist": {
                        "tx_mask_icon": "int(11) unsigned DEFAULT '0' NOT NULL"
                    }
                },
                "tx_mask_text": {
                    "tx_mask_itemslist": {
                        "tx_mask_text": "mediumtext"
                    }
                },
                "tx_mask_title": {
                    "tx_mask_itemslist": {
                        "tx_mask_title": "varchar(255) DEFAULT '' NOT NULL"
                    }
                }
            },
            "tca": {
                "tx_mask_buttonslist": {
                    "config": {
                        "appearance": {
                            "enabledControls": {
                                "delete": 1,
                                "dragdrop": 1,
                                "hide": 1,
                                "info": 1,
                                "localize": 1,
                                "new": 1,
                                "sort": 1
                            },
                            "levelLinksPosition": "top",
                            "showAllLocalizationLink": 1,
                            "showNewRecordLink": 1,
                            "showPossibleLocalizationRecords": 1,
                            "useSortable": 1
                        },
                        "foreign_field": "parentid",
                        "foreign_sortby": "sorting",
                        "foreign_table": "--inlinetable--",
                        "foreign_table_field": "parenttable",
                        "type": "inline"
                    },
                    "ctrl": {
                        "label": "tx_mask_linktext"
                    },
                    "fullKey": "tx_mask_buttonslist",
                    "inlineParent": "tx_mask_itemslist",
                    "key": "buttonslist",
                    "label": "Buttons",
                    "order": 3,
                    "type": "inline"
                },
                "tx_mask_headline": {
                    "config": {
                        "enableRichtext": 1,
                        "type": "text"
                    },
                    "fullKey": "tx_mask_headline",
                    "inlineParent": "tx_mask_itemslist",
                    "key": "headline",
                    "label": "Headline",
                    "order": 1,
                    "type": "richtext"
                },
                "tx_mask_icon": {
                    "config": {
                        "appearance": {
                            "elementBrowserEnabled": 1,
                            "enabledControls": {
                                "delete": 1,
                                "dragdrop": 1,
                                "hide": 1,
                                "info": 1,
                                "localize": 1,
                                "sort": 0
                            },
                            "fileUploadAllowed": 1,
                            "useSortable": 1
                        },
                        "maxitems": "",
                        "minitems": ""
                    },
                    "fullKey": "tx_mask_icon",
                    "imageoverlayPalette": 1,
                    "inlineParent": "tx_mask_itemslist",
                    "key": "icon",
                    "label": "Icon",
                    "order": 4,
                    "type": "file"
                },
                "tx_mask_text": {
                    "config": {
                        "enableRichtext": 1,
                        "type": "text"
                    },
                    "fullKey": "tx_mask_text",
                    "inlineParent": "tx_mask_itemslist",
                    "key": "text",
                    "label": "Text",
                    "order": 5,
                    "type": "richtext"
                },
                "tx_mask_title": {
                    "config": {
                        "type": "input"
                    },
                    "fullKey": "tx_mask_title",
                    "inlineParent": "tx_mask_itemslist",
                    "key": "title",
                    "label": "Title",
                    "order": 2,
                    "type": "string"
                }
            }
        }
    }
}
