{
    "version": "7.2.0",
    "tables": {
        "tt_content": {
            "elements": {
                "landing_page_banner": {
                    "color": "#000000",
                    "colorOverlay": "#000000",
                    "columns": [
                        "tx_mask_headline",
                        "tx_mask_49f1c44e65f1b",
                        "tx_mask_0621319df136",
                        "tx_mask_b75420521c24e",
                        "tx_mask_41a61b2d3f981"
                    ],
                    "description": "",
                    "descriptions": [
                        "",
                        "",
                        "",
                        "",
                        ""
                    ],
                    "icon": "",
                    "iconOverlay": "",
                    "key": "landing_page_banner",
                    "label": "Landing page Banner",
                    "labels": [
                        "Headline",
                        "Text",
                        "Button line",
                        "Image",
                        "Circle Icon"
                    ],
                    "shortLabel": "",
                    "sorting": 1
                }
            },
            "palettes": {
                "tx_mask_0621319df136": {
                    "description": "",
                    "label": "Button line",
                    "showitem": [
                        "tx_mask_link1text",
                        "tx_mask_link1",
                        "tx_mask_483b8681e8fa1",
                        "tx_mask_buttonrighttext"
                    ]
                },
                "tx_mask_41a61b2d3f981": {
                    "description": "",
                    "label": "Circle Icon",
                    "showitem": [
                        "tx_mask_circleiconheadline",
                        "tx_mask_circleiconsubheadline"
                    ]
                },
                "tx_mask_49f1c44e65f1b": {
                    "description": "",
                    "label": "Text",
                    "showitem": [
                        "tx_mask_text",
                        "tx_mask_textmobile"
                    ]
                },
                "tx_mask_b75420521c24e": {
                    "description": "",
                    "label": "Image",
                    "showitem": [
                        "tx_mask_image",
                        "tx_mask_imagemobile"
                    ]
                }
            },
            "sql": {
                "tx_mask_buttonrighttext": {
                    "tt_content": {
                        "tx_mask_buttonrighttext": "mediumtext"
                    }
                },
                "tx_mask_circleiconheadline": {
                    "tt_content": {
                        "tx_mask_circleiconheadline": "varchar(255) DEFAULT '' NOT NULL"
                    }
                },
                "tx_mask_circleiconsubheadline": {
                    "tt_content": {
                        "tx_mask_circleiconsubheadline": "varchar(255) DEFAULT '' NOT NULL"
                    }
                },
                "tx_mask_headline": {
                    "tt_content": {
                        "tx_mask_headline": "mediumtext"
                    }
                },
                "tx_mask_image": {
                    "tt_content": {
                        "tx_mask_image": "int(11) unsigned DEFAULT '0' NOT NULL"
                    }
                },
                "tx_mask_imagemobile": {
                    "tt_content": {
                        "tx_mask_imagemobile": "int(11) unsigned DEFAULT '0' NOT NULL"
                    }
                },
                "tx_mask_link1": {
                    "tt_content": {
                        "tx_mask_link1": "varchar(255) DEFAULT '' NOT NULL"
                    }
                },
                "tx_mask_link1text": {
                    "tt_content": {
                        "tx_mask_link1text": "varchar(255) DEFAULT '' NOT NULL"
                    }
                },
                "tx_mask_text": {
                    "tt_content": {
                        "tx_mask_text": "mediumtext"
                    }
                },
                "tx_mask_textmobile": {
                    "tt_content": {
                        "tx_mask_textmobile": "mediumtext"
                    }
                }
            },
            "tca": {
                "tx_mask_0621319df136": {
                    "config": {
                        "type": "palette"
                    },
                    "fullKey": "tx_mask_0621319df136",
                    "key": "0621319df136",
                    "type": "palette"
                },
                "tx_mask_41a61b2d3f981": {
                    "config": {
                        "type": "palette"
                    },
                    "fullKey": "tx_mask_41a61b2d3f981",
                    "key": "41a61b2d3f981",
                    "type": "palette"
                },
                "tx_mask_483b8681e8fa1": {
                    "config": {
                        "type": "linebreak"
                    },
                    "description": {
                        "landing_page_banner": ""
                    },
                    "fullKey": "tx_mask_483b8681e8fa1",
                    "inPalette": 1,
                    "inlineParent": {
                        "landing_page_banner": "tx_mask_0621319df136"
                    },
                    "key": "483b8681e8fa1",
                    "label": {
                        "landing_page_banner": ""
                    },
                    "order": {
                        "landing_page_banner": 3
                    },
                    "type": "linebreak"
                },
                "tx_mask_49f1c44e65f1b": {
                    "config": {
                        "type": "palette"
                    },
                    "fullKey": "tx_mask_49f1c44e65f1b",
                    "key": "49f1c44e65f1b",
                    "type": "palette"
                },
                "tx_mask_b75420521c24e": {
                    "config": {
                        "type": "palette"
                    },
                    "fullKey": "tx_mask_b75420521c24e",
                    "key": "b75420521c24e",
                    "type": "palette"
                },
                "tx_mask_buttonrighttext": {
                    "config": {
                        "enableRichtext": 1,
                        "type": "text"
                    },
                    "description": {
                        "landing_page_banner": "",
                        "simple_text": ""
                    },
                    "fullKey": "tx_mask_buttonrighttext",
                    "inPalette": 1,
                    "inlineParent": {
                        "landing_page_banner": "tx_mask_0621319df136",
                        "simple_text": "tx_mask_cd846f6fc623e"
                    },
                    "key": "buttonrighttext",
                    "label": {
                        "landing_page_banner": "Right Text",
                        "simple_text": "Right Text"
                    },
                    "order": {
                        "landing_page_banner": 4,
                        "simple_text": 4
                    },
                    "type": "richtext"
                },
                "tx_mask_circleiconheadline": {
                    "config": {
                        "type": "input"
                    },
                    "description": {
                        "3_box_text_static_module": "",
                        "landing_page_banner": ""
                    },
                    "fullKey": "tx_mask_circleiconheadline",
                    "inPalette": 1,
                    "inlineParent": {
                        "3_box_text_static_module": "tx_mask_b3ec4e18dcac",
                        "landing_page_banner": "tx_mask_41a61b2d3f981"
                    },
                    "key": "circleiconheadline",
                    "label": {
                        "3_box_text_static_module": "Circle Icon Headline",
                        "landing_page_banner": "Circle Icon Headline"
                    },
                    "order": {
                        "3_box_text_static_module": 1,
                        "landing_page_banner": 1
                    },
                    "type": "string"
                },
                "tx_mask_circleiconsubheadline": {
                    "config": {
                        "type": "input"
                    },
                    "description": {
                        "3_box_text_static_module": "",
                        "landing_page_banner": ""
                    },
                    "fullKey": "tx_mask_circleiconsubheadline",
                    "inPalette": 1,
                    "inlineParent": {
                        "3_box_text_static_module": "tx_mask_b3ec4e18dcac",
                        "landing_page_banner": "tx_mask_41a61b2d3f981"
                    },
                    "key": "circleiconsubheadline",
                    "label": {
                        "3_box_text_static_module": "Circle Icon Subheadline",
                        "landing_page_banner": "Circle Icon Subheadline"
                    },
                    "order": {
                        "3_box_text_static_module": 2,
                        "landing_page_banner": 2
                    },
                    "type": "string"
                },
                "tx_mask_headline": {
                    "config": {
                        "enableRichtext": 1,
                        "type": "text"
                    },
                    "description": {
                        "3_box_text_static_module": ""
                    },
                    "fullKey": "tx_mask_headline",
                    "inPalette": 1,
                    "inlineParent": {
                        "3_box_text_static_module": "tx_mask_5502a1390dd8f"
                    },
                    "key": "headline",
                    "label": {
                        "3_box_text_static_module": "Headline"
                    },
                    "order": {
                        "3_box_text_static_module": 1
                    },
                    "type": "richtext"
                },
                "tx_mask_image": {
                    "config": {
                        "appearance": {
                            "elementBrowserEnabled": 1,
                            "enabledControls": {
                                "delete": 1,
                                "dragdrop": 1,
                                "hide": 1,
                                "info": 1,
                                "localize": 1,
                                "sort": 0
                            },
                            "fileUploadAllowed": 1,
                            "useSortable": 1
                        },
                        "maxitems": "1",
                        "minitems": ""
                    },
                    "description": {
                        "landing_page_banner": ""
                    },
                    "fullKey": "tx_mask_image",
                    "imageoverlayPalette": 1,
                    "inPalette": 1,
                    "inlineParent": {
                        "landing_page_banner": "tx_mask_b75420521c24e"
                    },
                    "key": "image",
                    "label": {
                        "landing_page_banner": "Image"
                    },
                    "order": {
                        "landing_page_banner": 1
                    },
                    "type": "file"
                },
                "tx_mask_imagemobile": {
                    "config": {
                        "appearance": {
                            "elementBrowserEnabled": 1,
                            "enabledControls": {
                                "delete": 1,
                                "dragdrop": 1,
                                "hide": 1,
                                "info": 1,
                                "localize": 1,
                                "sort": 0
                            },
                            "fileUploadAllowed": 1,
                            "useSortable": 1
                        },
                        "maxitems": "",
                        "minitems": ""
                    },
                    "description": {
                        "landing_page_banner": ""
                    },
                    "fullKey": "tx_mask_imagemobile",
                    "imageoverlayPalette": 1,
                    "inPalette": 1,
                    "inlineParent": {
                        "landing_page_banner": "tx_mask_b75420521c24e"
                    },
                    "key": "imagemobile",
                    "label": {
                        "landing_page_banner": "Image mobile"
                    },
                    "order": {
                        "landing_page_banner": 2
                    },
                    "type": "file"
                },
                "tx_mask_link1": {
                    "config": {
                        "renderType": "inputLink",
                        "type": "input"
                    },
                    "description": {
                        "landing_page_banner": "",
                        "simple_text": ""
                    },
                    "fullKey": "tx_mask_link1",
                    "inPalette": 1,
                    "inlineParent": {
                        "landing_page_banner": "tx_mask_0621319df136",
                        "simple_text": "tx_mask_cd846f6fc623e"
                    },
                    "key": "link1",
                    "label": {
                        "landing_page_banner": "Link",
                        "simple_text": "Link"
                    },
                    "order": {
                        "landing_page_banner": 2,
                        "simple_text": 2
                    },
                    "type": "link"
                },
                "tx_mask_link1text": {
                    "config": {
                        "type": "input"
                    },
                    "description": {
                        "landing_page_banner": "",
                        "simple_text": ""
                    },
                    "fullKey": "tx_mask_link1text",
                    "inPalette": 1,
                    "inlineParent": {
                        "landing_page_banner": "tx_mask_0621319df136",
                        "simple_text": "tx_mask_cd846f6fc623e"
                    },
                    "key": "link1text",
                    "label": {
                        "landing_page_banner": "Link text",
                        "simple_text": "Link text"
                    },
                    "order": {
                        "landing_page_banner": 1,
                        "simple_text": 1
                    },
                    "type": "string"
                },
                "tx_mask_text": {
                    "config": {
                        "enableRichtext": 1,
                        "type": "text"
                    },
                    "description": {
                        "3_box_text_static_module": "",
                        "image_link_zoom_in_effect": "",
                        "landing_page_banner": ""
                    },
                    "fullKey": "tx_mask_text",
                    "inPalette": 1,
                    "inlineParent": {
                        "3_box_text_static_module": "tx_mask_a019ac1e55959",
                        "image_link_zoom_in_effect": "tx_mask_285469cab38d1",
                        "landing_page_banner": "tx_mask_49f1c44e65f1b"
                    },
                    "key": "text",
                    "label": {
                        "3_box_text_static_module": "Text",
                        "image_link_zoom_in_effect": "Text",
                        "landing_page_banner": "Text"
                    },
                    "order": {
                        "3_box_text_static_module": 1,
                        "image_link_zoom_in_effect": 1,
                        "landing_page_banner": 1
                    },
                    "type": "richtext"
                },
                "tx_mask_textmobile": {
                    "config": {
                        "enableRichtext": 1,
                        "type": "text"
                    },
                    "description": {
                        "3_box_text_static_module": "",
                        "image_link_zoom_in_effect": "",
                        "landing_page_banner": ""
                    },
                    "fullKey": "tx_mask_textmobile",
                    "inPalette": 1,
                    "inlineParent": {
                        "3_box_text_static_module": "tx_mask_a019ac1e55959",
                        "image_link_zoom_in_effect": "tx_mask_285469cab38d1",
                        "landing_page_banner": "tx_mask_49f1c44e65f1b"
                    },
                    "key": "textmobile",
                    "label": {
                        "3_box_text_static_module": "Text mobile",
                        "image_link_zoom_in_effect": "Text mobile",
                        "landing_page_banner": "Text mobile"
                    },
                    "order": {
                        "3_box_text_static_module": 2,
                        "image_link_zoom_in_effect": 2,
                        "landing_page_banner": 2
                    },
                    "type": "richtext"
                }
            }
        }
    }
}
