{
    "version": "7.2.0",
    "tables": {
        "tt_content": {
            "elements": {
                "carousel_with_text_logo": {
                    "color": "#000000",
                    "colorOverlay": "#000000",
                    "columns": [
                        "tx_mask_background",
                        "tx_mask_backgroundrotate",
                        "tx_mask_logo",
                        "tx_mask_headline",
                        "tx_mask_subheadline",
                        "tx_mask_text",
                        "tx_mask_textmobile",
                        "tx_mask_location",
                        "tx_mask_images",
                        "tx_mask_onlylogos",
                        "tx_mask_logolist"
                    ],
                    "description": "",
                    "descriptions": [
                        "",
                        "",
                        "",
                        "",
                        "",
                        "",
                        "",
                        "",
                        "",
                        "",
                        ""
                    ],
                    "icon": "fa-caret-square-o-left",
                    "iconOverlay": "",
                    "key": "carousel_with_text_logo",
                    "label": "Carousel with text logo",
                    "labels": [
                        "Background white",
                        "Background rotate",
                        "Logo",
                        "Headline",
                        "Subheadline",
                        "Text",
                        "Text mobile",
                        "Location",
                        "Image elements",
                        "Only logos",
                        "Elements"
                    ],
                    "shortLabel": "",
                    "sorting": 10
                }
            },
            "sql": {
                "tx_mask_background": {
                    "tt_content": {
                        "tx_mask_background": "int(11) DEFAULT '0' NOT NULL"
                    }
                },
                "tx_mask_backgroundrotate": {
                    "tt_content": {
                        "tx_mask_backgroundrotate": "int(11) DEFAULT '0' NOT NULL"
                    }
                },
                "tx_mask_headline": {
                    "tt_content": {
                        "tx_mask_headline": "mediumtext"
                    }
                },
                "tx_mask_images": {
                    "tt_content": {
                        "tx_mask_images": "int(11) unsigned DEFAULT '0' NOT NULL"
                    }
                },
                "tx_mask_location": {
                    "tt_content": {
                        "tx_mask_location": "varchar(255) DEFAULT '' NOT NULL"
                    }
                },
                "tx_mask_logo": {
                    "tt_content": {
                        "tx_mask_logo": "int(11) unsigned DEFAULT '0' NOT NULL"
                    }
                },
                "tx_mask_logolist": {
                    "tt_content": {
                        "tx_mask_logolist": "int(11) unsigned DEFAULT '0' NOT NULL"
                    }
                },
                "tx_mask_onlylogos": {
                    "tt_content": {
                        "tx_mask_onlylogos": "int(11) DEFAULT '0' NOT NULL"
                    }
                },
                "tx_mask_subheadline": {
                    "tt_content": {
                        "tx_mask_subheadline": "mediumtext"
                    }
                },
                "tx_mask_text": {
                    "tt_content": {
                        "tx_mask_text": "mediumtext"
                    }
                },
                "tx_mask_textmobile": {
                    "tt_content": {
                        "tx_mask_textmobile": "mediumtext"
                    }
                }
            },
            "tca": {
                "tx_mask_background": {
                    "config": {
                        "items": [],
                        "type": "check"
                    },
                    "fullKey": "tx_mask_background",
                    "key": "background",
                    "type": "check"
                },
                "tx_mask_backgroundrotate": {
                    "config": {
                        "items": [],
                        "type": "check"
                    },
                    "fullKey": "tx_mask_backgroundrotate",
                    "key": "backgroundrotate",
                    "type": "check"
                },
                "tx_mask_headline": {
                    "config": {
                        "enableRichtext": 1,
                        "type": "text"
                    },
                    "description": {
                        "3_box_text_static_module": ""
                    },
                    "fullKey": "tx_mask_headline",
                    "inPalette": 1,
                    "inlineParent": {
                        "3_box_text_static_module": "tx_mask_5502a1390dd8f"
                    },
                    "key": "headline",
                    "label": {
                        "3_box_text_static_module": "Headline"
                    },
                    "order": {
                        "3_box_text_static_module": 1
                    },
                    "type": "richtext"
                },
                "tx_mask_images": {
                    "config": {
                        "appearance": {
                            "enabledControls": {
                                "delete": 1,
                                "dragdrop": 1,
                                "hide": 1,
                                "info": 1,
                                "localize": 1,
                                "new": 1,
                                "sort": 1
                            },
                            "levelLinksPosition": "top",
                            "showAllLocalizationLink": 1,
                            "showNewRecordLink": 1,
                            "showPossibleLocalizationRecords": 1,
                            "useSortable": 1
                        },
                        "foreign_field": "parentid",
                        "foreign_sortby": "sorting",
                        "foreign_table": "--inlinetable--",
                        "foreign_table_field": "parenttable",
                        "type": "inline"
                    },
                    "fullKey": "tx_mask_images",
                    "key": "images",
                    "type": "inline"
                },
                "tx_mask_location": {
                    "config": {
                        "type": "input"
                    },
                    "fullKey": "tx_mask_location",
                    "key": "location",
                    "type": "string"
                },
                "tx_mask_logo": {
                    "config": {
                        "appearance": {
                            "elementBrowserEnabled": 1,
                            "enabledControls": {
                                "delete": 1,
                                "dragdrop": 1,
                                "hide": 1,
                                "info": 1,
                                "localize": 1,
                                "sort": 0
                            },
                            "fileUploadAllowed": 1,
                            "useSortable": 1
                        },
                        "maxitems": "",
                        "minitems": ""
                    },
                    "fullKey": "tx_mask_logo",
                    "imageoverlayPalette": 1,
                    "key": "logo",
                    "type": "file"
                },
                "tx_mask_logolist": {
                    "config": {
                        "appearance": {
                            "enabledControls": {
                                "delete": 1,
                                "dragdrop": 1,
                                "hide": 1,
                                "info": 1,
                                "localize": 1,
                                "new": 1,
                                "sort": 1
                            },
                            "levelLinksPosition": "top",
                            "showAllLocalizationLink": 1,
                            "showNewRecordLink": 1,
                            "showPossibleLocalizationRecords": 1,
                            "useSortable": 1
                        },
                        "foreign_field": "parentid",
                        "foreign_sortby": "sorting",
                        "foreign_table": "--inlinetable--",
                        "foreign_table_field": "parenttable",
                        "type": "inline"
                    },
                    "fullKey": "tx_mask_logolist",
                    "key": "logolist",
                    "type": "inline"
                },
                "tx_mask_onlylogos": {
                    "config": {
                        "items": [],
                        "type": "check"
                    },
                    "fullKey": "tx_mask_onlylogos",
                    "key": "onlylogos",
                    "type": "check"
                },
                "tx_mask_subheadline": {
                    "config": {
                        "enableRichtext": 1,
                        "type": "text"
                    },
                    "fullKey": "tx_mask_subheadline",
                    "key": "subheadline",
                    "type": "richtext"
                },
                "tx_mask_text": {
                    "config": {
                        "enableRichtext": 1,
                        "type": "text"
                    },
                    "description": {
                        "3_box_text_static_module": "",
                        "image_link_zoom_in_effect": "",
                        "landing_page_banner": ""
                    },
                    "fullKey": "tx_mask_text",
                    "inPalette": 1,
                    "inlineParent": {
                        "3_box_text_static_module": "tx_mask_a019ac1e55959",
                        "image_link_zoom_in_effect": "tx_mask_285469cab38d1",
                        "landing_page_banner": "tx_mask_49f1c44e65f1b"
                    },
                    "key": "text",
                    "label": {
                        "3_box_text_static_module": "Text",
                        "image_link_zoom_in_effect": "Text",
                        "landing_page_banner": "Text"
                    },
                    "order": {
                        "3_box_text_static_module": 1,
                        "image_link_zoom_in_effect": 1,
                        "landing_page_banner": 1
                    },
                    "type": "richtext"
                },
                "tx_mask_textmobile": {
                    "config": {
                        "enableRichtext": 1,
                        "type": "text"
                    },
                    "description": {
                        "3_box_text_static_module": "",
                        "image_link_zoom_in_effect": "",
                        "landing_page_banner": ""
                    },
                    "fullKey": "tx_mask_textmobile",
                    "inPalette": 1,
                    "inlineParent": {
                        "3_box_text_static_module": "tx_mask_a019ac1e55959",
                        "image_link_zoom_in_effect": "tx_mask_285469cab38d1",
                        "landing_page_banner": "tx_mask_49f1c44e65f1b"
                    },
                    "key": "textmobile",
                    "label": {
                        "3_box_text_static_module": "Text mobile",
                        "image_link_zoom_in_effect": "Text mobile",
                        "landing_page_banner": "Text mobile"
                    },
                    "order": {
                        "3_box_text_static_module": 2,
                        "image_link_zoom_in_effect": 2,
                        "landing_page_banner": 2
                    },
                    "type": "richtext"
                }
            }
        },
        "tx_mask_images": {
            "sql": {
                "tx_mask_image": {
                    "tx_mask_images": {
                        "tx_mask_image": "int(11) unsigned DEFAULT '0' NOT NULL"
                    }
                }
            },
            "tca": {
                "tx_mask_image": {
                    "config": {
                        "appearance": {
                            "elementBrowserEnabled": 1,
                            "enabledControls": {
                                "delete": 1,
                                "dragdrop": 1,
                                "hide": 1,
                                "info": 1,
                                "localize": 1,
                                "sort": 0
                            },
                            "fileUploadAllowed": 1,
                            "useSortable": 1
                        },
                        "maxitems": "",
                        "minitems": ""
                    },
                    "fullKey": "tx_mask_image",
                    "imageoverlayPalette": 1,
                    "inlineParent": "tx_mask_images",
                    "key": "image",
                    "label": "Image",
                    "order": 1,
                    "type": "file"
                }
            }
        },
        "tx_mask_logolist": {
            "sql": {
                "tx_mask_headline": {
                    "tx_mask_logolist": {
                        "tx_mask_headline": "mediumtext"
                    }
                },
                "tx_mask_headlinealignment": {
                    "tx_mask_logolist": {
                        "tx_mask_headlinealignment": "int(11) DEFAULT '0' NOT NULL"
                    }
                },
                "tx_mask_partnerslogo": {
                    "tx_mask_logolist": {
                        "tx_mask_partnerslogo": "int(11) unsigned DEFAULT '0' NOT NULL"
                    }
                }
            },
            "tca": {
                "tx_mask_headline": {
                    "config": {
                        "enableRichtext": 1,
                        "type": "text"
                    },
                    "fullKey": "tx_mask_headline",
                    "inlineParent": "tx_mask_logolist",
                    "key": "headline",
                    "label": "headline",
                    "order": 2,
                    "type": "richtext"
                },
                "tx_mask_headlinealignment": {
                    "config": {
                        "items": [],
                        "type": "check"
                    },
                    "fullKey": "tx_mask_headlinealignment",
                    "inlineParent": "tx_mask_logolist",
                    "key": "headlinealignment",
                    "label": "Headline center",
                    "order": 1,
                    "type": "check"
                },
                "tx_mask_partnerslogo": {
                    "config": {
                        "appearance": {
                            "enabledControls": {
                                "delete": 1,
                                "dragdrop": 1,
                                "hide": 1,
                                "info": 1,
                                "localize": 1,
                                "new": 1,
                                "sort": 1
                            },
                            "levelLinksPosition": "top",
                            "showAllLocalizationLink": 1,
                            "showNewRecordLink": 1,
                            "showPossibleLocalizationRecords": 1,
                            "useSortable": 1
                        },
                        "foreign_field": "parentid",
                        "foreign_sortby": "sorting",
                        "foreign_table": "--inlinetable--",
                        "foreign_table_field": "parenttable",
                        "type": "inline"
                    },
                    "fullKey": "tx_mask_partnerslogo",
                    "inlineParent": "tx_mask_logolist",
                    "key": "partnerslogo",
                    "label": "Logo",
                    "order": 3,
                    "type": "inline"
                }
            }
        },
        "tx_mask_partnerslogo": {
            "sql": {
                "tx_mask_partnerlink": {
                    "tx_mask_partnerslogo": {
                        "tx_mask_partnerlink": "varchar(255) DEFAULT '' NOT NULL"
                    }
                },
                "tx_mask_partnerlogo": {
                    "tx_mask_partnerslogo": {
                        "tx_mask_partnerlogo": "int(11) unsigned DEFAULT '0' NOT NULL"
                    }
                },
                "tx_mask_partnerlogomobile": {
                    "tx_mask_partnerslogo": {
                        "tx_mask_partnerlogomobile": "int(11) unsigned DEFAULT '0' NOT NULL"
                    }
                }
            },
            "tca": {
                "tx_mask_partnerlink": {
                    "config": {
                        "renderType": "inputLink",
                        "type": "input"
                    },
                    "fullKey": "tx_mask_partnerlink",
                    "inlineParent": "tx_mask_partnerslogo",
                    "key": "partnerlink",
                    "label": "Link",
                    "order": 3,
                    "type": "link"
                },
                "tx_mask_partnerlogo": {
                    "config": {
                        "appearance": {
                            "elementBrowserEnabled": 1,
                            "enabledControls": {
                                "delete": 1,
                                "dragdrop": 1,
                                "hide": 1,
                                "info": 1,
                                "localize": 1,
                                "sort": 0
                            },
                            "fileUploadAllowed": 1,
                            "useSortable": 1
                        },
                        "maxitems": "",
                        "minitems": ""
                    },
                    "fullKey": "tx_mask_partnerlogo",
                    "imageoverlayPalette": 1,
                    "inlineParent": "tx_mask_partnerslogo",
                    "key": "partnerlogo",
                    "label": "Logo",
                    "order": 1,
                    "type": "file"
                },
                "tx_mask_partnerlogomobile": {
                    "config": {
                        "appearance": {
                            "elementBrowserEnabled": 1,
                            "enabledControls": {
                                "delete": 1,
                                "dragdrop": 1,
                                "hide": 1,
                                "info": 1,
                                "localize": 1,
                                "sort": 0
                            },
                            "fileUploadAllowed": 1,
                            "useSortable": 1
                        },
                        "maxitems": "",
                        "minitems": ""
                    },
                    "fullKey": "tx_mask_partnerlogomobile",
                    "imageoverlayPalette": 1,
                    "inlineParent": "tx_mask_partnerslogo",
                    "key": "partnerlogomobile",
                    "label": "Logo mobile",
                    "order": 2,
                    "type": "file"
                }
            }
        }
    }
}
