{
    "version": "7.2.0",
    "tables": {
        "tt_content": {
            "elements": {
                "simple_text": {
                    "color": "#000000",
                    "colorOverlay": "#000000",
                    "columns": [
                        "tx_mask_headline",
                        "tx_mask_text",
                        "tx_mask_cardintrotext",
                        "tx_mask_cd846f6fc623e",
                        "tx_mask_backgroundcolor",
                        "tx_mask_is_main_text_highlighted"
                    ],
                    "description": "",
                    "descriptions": [
                        "",
                        "",
                        "",
                        "",
                        "",
                        ""
                    ],
                    "icon": "",
                    "iconOverlay": "",
                    "key": "simple_text",
                    "label": "Simple text",
                    "labels": [
                        "Headline",
                        "Text",
                        "Card Intro text",
                        "Link",
                        "Background Color",
                        "Is Main Text Highlighted"
                    ],
                    "shortLabel": "",
                    "sorting": 1
                }
            },
            "palettes": {
                "tx_mask_cd846f6fc623e": {
                    "description": "",
                    "label": "Link",
                    "showitem": [
                        "tx_mask_link1text",
                        "tx_mask_link1",
                        "tx_mask_44faf56eef1f3",
                        "tx_mask_linkform",
                        "tx_mask_4dd00dc5e6b2f",
                        "tx_mask_buttonrighttext",
                        "tx_mask_rightlinktext",
                        "tx_mask_e84a84d3809af",
                        "tx_mask_rightlink",
                        "tx_mask_rightlinkform"
                    ]
                }
            },
            "sql": {
                "tx_mask_backgroundcolor": {
                    "tt_content": {
                        "tx_mask_backgroundcolor": "varchar(255) DEFAULT '' NOT NULL"
                    }
                },
                "tx_mask_buttonrighttext": {
                    "tt_content": {
                        "tx_mask_buttonrighttext": "mediumtext"
                    }
                },
                "tx_mask_cardintrotext": {
                    "tt_content": {
                        "tx_mask_cardintrotext": "mediumtext"
                    }
                },
                "tx_mask_headline": {
                    "tt_content": {
                        "tx_mask_headline": "mediumtext"
                    }
                },
                "tx_mask_is_main_text_highlighted": {
                    "tt_content": {
                        "tx_mask_is_main_text_highlighted": "int(11) DEFAULT '0' NOT NULL"
                    }
                },
                "tx_mask_link1": {
                    "tt_content": {
                        "tx_mask_link1": "varchar(255) DEFAULT '' NOT NULL"
                    }
                },
                "tx_mask_link1text": {
                    "tt_content": {
                        "tx_mask_link1text": "varchar(255) DEFAULT '' NOT NULL"
                    }
                },
                "tx_mask_linkform": {
                    "tt_content": {
                        "tx_mask_linkform": "varchar(255) DEFAULT '' NOT NULL"
                    }
                },
                "tx_mask_rightlink": {
                    "tt_content": {
                        "tx_mask_rightlink": "varchar(255) DEFAULT '' NOT NULL"
                    }
                },
                "tx_mask_rightlinkform": {
                    "tt_content": {
                        "tx_mask_rightlinkform": "varchar(255) DEFAULT '' NOT NULL"
                    }
                },
                "tx_mask_rightlinktext": {
                    "tt_content": {
                        "tx_mask_rightlinktext": "varchar(255) DEFAULT '' NOT NULL"
                    }
                },
                "tx_mask_text": {
                    "tt_content": {
                        "tx_mask_text": "mediumtext"
                    }
                }
            },
            "tca": {
                "tx_mask_44faf56eef1f3": {
                    "config": {
                        "type": "linebreak"
                    },
                    "description": {
                        "simple_text": ""
                    },
                    "fullKey": "tx_mask_44faf56eef1f3",
                    "inPalette": 1,
                    "inlineParent": {
                        "simple_text": "tx_mask_cd846f6fc623e"
                    },
                    "key": "44faf56eef1f3",
                    "label": {
                        "simple_text": ""
                    },
                    "order": {
                        "simple_text": 3
                    },
                    "type": "linebreak"
                },
                "tx_mask_4dd00dc5e6b2f": {
                    "config": {
                        "type": "linebreak"
                    },
                    "description": {
                        "simple_text": ""
                    },
                    "fullKey": "tx_mask_4dd00dc5e6b2f",
                    "inPalette": 1,
                    "inlineParent": {
                        "simple_text": "tx_mask_cd846f6fc623e"
                    },
                    "key": "4dd00dc5e6b2f",
                    "label": {
                        "simple_text": ""
                    },
                    "order": {
                        "simple_text": 5
                    },
                    "type": "linebreak"
                },
                "tx_mask_backgroundcolor": {
                    "config": {
                        "renderType": "colorpicker",
                        "size": 10,
                        "type": "input"
                    },
                    "fullKey": "tx_mask_backgroundcolor",
                    "key": "backgroundcolor",
                    "type": "colorpicker"
                },
                "tx_mask_buttonrighttext": {
                    "config": {
                        "enableRichtext": 1,
                        "type": "text"
                    },
                    "description": {
                        "landing_page_banner": "",
                        "simple_text": ""
                    },
                    "fullKey": "tx_mask_buttonrighttext",
                    "inPalette": 1,
                    "inlineParent": {
                        "landing_page_banner": "tx_mask_0621319df136",
                        "simple_text": "tx_mask_cd846f6fc623e"
                    },
                    "key": "buttonrighttext",
                    "label": {
                        "landing_page_banner": "Right Text",
                        "simple_text": "Right Text"
                    },
                    "order": {
                        "landing_page_banner": 6,
                        "simple_text": 6
                    },
                    "type": "richtext"
                },
                "tx_mask_cardintrotext": {
                    "config": {
                        "enableRichtext": 1,
                        "type": "text"
                    },
                    "fullKey": "tx_mask_cardintrotext",
                    "key": "cardintrotext",
                    "type": "richtext"
                },
                "tx_mask_cd846f6fc623e": {
                    "config": {
                        "type": "palette"
                    },
                    "fullKey": "tx_mask_cd846f6fc623e",
                    "key": "cd846f6fc623e",
                    "type": "palette"
                },
                "tx_mask_e84a84d3809af": {
                    "config": {
                        "type": "linebreak"
                    },
                    "description": {
                        "simple_text": ""
                    },
                    "fullKey": "tx_mask_e84a84d3809af",
                    "inPalette": 1,
                    "inlineParent": {
                        "simple_text": "tx_mask_cd846f6fc623e"
                    },
                    "key": "e84a84d3809af",
                    "label": {
                        "simple_text": ""
                    },
                    "order": {
                        "simple_text": 8
                    },
                    "type": "linebreak"
                },
                "tx_mask_headline": {
                    "config": {
                        "enableRichtext": 1,
                        "type": "text"
                    },
                    "description": {
                        "3_box_text_static_module": ""
                    },
                    "fullKey": "tx_mask_headline",
                    "inPalette": 1,
                    "inlineParent": {
                        "3_box_text_static_module": "tx_mask_5502a1390dd8f"
                    },
                    "key": "headline",
                    "label": {
                        "3_box_text_static_module": "Headline"
                    },
                    "order": {
                        "3_box_text_static_module": 1
                    },
                    "type": "richtext"
                },
                "tx_mask_is_main_text_highlighted": {
                    "config": {
                        "items": [
                            {
                                "0": "Is Highlighted",
                                "iconIdentifierChecked": "true",
                                "iconIdentifierUnchecked": "false",
                                "invertStateDisplay": "0"
                            }
                        ],
                        "type": "check"
                    },
                    "fullKey": "tx_mask_is_main_text_highlighted",
                    "key": "is_main_text_highlighted",
                    "type": "check"
                },
                "tx_mask_link1": {
                    "config": {
                        "renderType": "inputLink",
                        "type": "input"
                    },
                    "description": {
                        "landing_page_banner": "",
                        "simple_text": ""
                    },
                    "fullKey": "tx_mask_link1",
                    "inPalette": 1,
                    "inlineParent": {
                        "landing_page_banner": "tx_mask_0621319df136",
                        "simple_text": "tx_mask_cd846f6fc623e"
                    },
                    "key": "link1",
                    "label": {
                        "landing_page_banner": "Link",
                        "simple_text": "Link"
                    },
                    "order": {
                        "landing_page_banner": 2,
                        "simple_text": 2
                    },
                    "type": "link"
                },
                "tx_mask_link1text": {
                    "config": {
                        "type": "input"
                    },
                    "description": {
                        "landing_page_banner": "",
                        "simple_text": ""
                    },
                    "fullKey": "tx_mask_link1text",
                    "inPalette": 1,
                    "inlineParent": {
                        "landing_page_banner": "tx_mask_0621319df136",
                        "simple_text": "tx_mask_cd846f6fc623e"
                    },
                    "key": "link1text",
                    "label": {
                        "landing_page_banner": "Link text",
                        "simple_text": "Link text"
                    },
                    "order": {
                        "landing_page_banner": 1,
                        "simple_text": 1
                    },
                    "type": "string"
                },
                "tx_mask_linkform": {
                    "config": {
                        "type": "input"
                    },
                    "description": {
                        "landing_page_banner": "",
                        "simple_text": ""
                    },
                    "fullKey": "tx_mask_linkform",
                    "inPalette": 1,
                    "inlineParent": {
                        "landing_page_banner": "tx_mask_0621319df136",
                        "simple_text": "tx_mask_cd846f6fc623e"
                    },
                    "key": "linkform",
                    "label": {
                        "landing_page_banner": "Link Form",
                        "simple_text": "Link Form"
                    },
                    "order": {
                        "landing_page_banner": 4,
                        "simple_text": 4
                    },
                    "type": "string"
                },
                "tx_mask_rightlink": {
                    "config": {
                        "renderType": "inputLink",
                        "type": "input"
                    },
                    "description": {
                        "landing_page_banner": "",
                        "simple_text": ""
                    },
                    "fullKey": "tx_mask_rightlink",
                    "inPalette": 1,
                    "inlineParent": {
                        "landing_page_banner": "tx_mask_0621319df136",
                        "simple_text": "tx_mask_cd846f6fc623e"
                    },
                    "key": "rightlink",
                    "label": {
                        "landing_page_banner": "Right Link",
                        "simple_text": "Right Link"
                    },
                    "order": {
                        "landing_page_banner": 9,
                        "simple_text": 9
                    },
                    "type": "link"
                },
                "tx_mask_rightlinkform": {
                    "config": {
                        "type": "input"
                    },
                    "description": {
                        "landing_page_banner": "",
                        "simple_text": ""
                    },
                    "fullKey": "tx_mask_rightlinkform",
                    "inPalette": 1,
                    "inlineParent": {
                        "landing_page_banner": "tx_mask_0621319df136",
                        "simple_text": "tx_mask_cd846f6fc623e"
                    },
                    "key": "rightlinkform",
                    "label": {
                        "landing_page_banner": "Right Link Form",
                        "simple_text": "Right Link Form"
                    },
                    "order": {
                        "landing_page_banner": 10,
                        "simple_text": 10
                    },
                    "type": "string"
                },
                "tx_mask_rightlinktext": {
                    "config": {
                        "type": "input"
                    },
                    "description": {
                        "landing_page_banner": "",
                        "simple_text": ""
                    },
                    "fullKey": "tx_mask_rightlinktext",
                    "inPalette": 1,
                    "inlineParent": {
                        "landing_page_banner": "tx_mask_0621319df136",
                        "simple_text": "tx_mask_cd846f6fc623e"
                    },
                    "key": "rightlinktext",
                    "label": {
                        "landing_page_banner": "Right Link text",
                        "simple_text": "Right Link text"
                    },
                    "order": {
                        "landing_page_banner": 7,
                        "simple_text": 7
                    },
                    "type": "string"
                },
                "tx_mask_text": {
                    "config": {
                        "enableRichtext": 1,
                        "type": "text"
                    },
                    "description": {
                        "3_box_text_static_module": "",
                        "image_link_zoom_in_effect": "",
                        "landing_page_banner": ""
                    },
                    "fullKey": "tx_mask_text",
                    "inPalette": 1,
                    "inlineParent": {
                        "3_box_text_static_module": "tx_mask_a019ac1e55959",
                        "image_link_zoom_in_effect": "tx_mask_285469cab38d1",
                        "landing_page_banner": "tx_mask_49f1c44e65f1b"
                    },
                    "key": "text",
                    "label": {
                        "3_box_text_static_module": "Text",
                        "image_link_zoom_in_effect": "Text",
                        "landing_page_banner": "Text"
                    },
                    "order": {
                        "3_box_text_static_module": 1,
                        "image_link_zoom_in_effect": 1,
                        "landing_page_banner": 1
                    },
                    "type": "richtext"
                }
            }
        }
    }
}
