{
    "version": "7.2.0",
    "tables": {
        "tt_content": {
            "elements": {
                "intro": {
                    "color": "#000000",
                    "colorOverlay": "#000000",
                    "columns": [
                        "tx_mask_headline",
                        "tx_mask_subheadline",
                        "tx_mask_text",
                        "tx_mask_textmobile",
                        "tx_mask_image",
                        "tx_mask_imagemobile"
                    ],
                    "description": "",
                    "descriptions": [
                        "",
                        "",
                        "",
                        "",
                        "",
                        ""
                    ],
                    "icon": "fa-text-width",
                    "iconOverlay": "",
                    "key": "intro",
                    "label": "Intro",
                    "labels": [
                        "Headline",
                        "Subheadline",
                        "Text",
                        "Text mobile",
                        "Image",
                        "Image mobile"
                    ],
                    "shortLabel": "",
                    "sorting": 0
                }
            },
            "sql": {
                "tx_mask_headline": {
                    "tt_content": {
                        "tx_mask_headline": "mediumtext"
                    }
                },
                "tx_mask_image": {
                    "tt_content": {
                        "tx_mask_image": "int(11) unsigned DEFAULT '0' NOT NULL"
                    }
                },
                "tx_mask_imagemobile": {
                    "tt_content": {
                        "tx_mask_imagemobile": "int(11) unsigned DEFAULT '0' NOT NULL"
                    }
                },
                "tx_mask_subheadline": {
                    "tt_content": {
                        "tx_mask_subheadline": "mediumtext"
                    }
                },
                "tx_mask_text": {
                    "tt_content": {
                        "tx_mask_text": "mediumtext"
                    }
                },
                "tx_mask_textmobile": {
                    "tt_content": {
                        "tx_mask_textmobile": "mediumtext"
                    }
                }
            },
            "tca": {
                "tx_mask_headline": {
                    "config": {
                        "enableRichtext": 1,
                        "type": "text"
                    },
                    "description": {
                        "3_box_text_static_module": ""
                    },
                    "fullKey": "tx_mask_headline",
                    "inPalette": 1,
                    "inlineParent": {
                        "3_box_text_static_module": "tx_mask_5502a1390dd8f"
                    },
                    "key": "headline",
                    "label": {
                        "3_box_text_static_module": "Headline"
                    },
                    "order": {
                        "3_box_text_static_module": 1
                    },
                    "type": "richtext"
                },
                "tx_mask_image": {
                    "config": {
                        "appearance": {
                            "elementBrowserEnabled": 1,
                            "enabledControls": {
                                "delete": 1,
                                "dragdrop": 1,
                                "hide": 1,
                                "info": 1,
                                "localize": 1,
                                "sort": 0
                            },
                            "fileUploadAllowed": 1,
                            "useSortable": 1
                        },
                        "maxitems": "1",
                        "minitems": ""
                    },
                    "description": {
                        "landing_page_banner": ""
                    },
                    "fullKey": "tx_mask_image",
                    "imageoverlayPalette": 1,
                    "inPalette": 1,
                    "inlineParent": {
                        "landing_page_banner": "tx_mask_b75420521c24e"
                    },
                    "key": "image",
                    "label": {
                        "landing_page_banner": "Image"
                    },
                    "order": {
                        "landing_page_banner": 1
                    },
                    "type": "file"
                },
                "tx_mask_imagemobile": {
                    "config": {
                        "appearance": {
                            "elementBrowserEnabled": 1,
                            "enabledControls": {
                                "delete": 1,
                                "dragdrop": 1,
                                "hide": 1,
                                "info": 1,
                                "localize": 1,
                                "sort": 0
                            },
                            "fileUploadAllowed": 1,
                            "useSortable": 1
                        },
                        "maxitems": "",
                        "minitems": ""
                    },
                    "description": {
                        "landing_page_banner": ""
                    },
                    "fullKey": "tx_mask_imagemobile",
                    "imageoverlayPalette": 1,
                    "inPalette": 1,
                    "inlineParent": {
                        "landing_page_banner": "tx_mask_b75420521c24e"
                    },
                    "key": "imagemobile",
                    "label": {
                        "landing_page_banner": "Image mobile"
                    },
                    "order": {
                        "landing_page_banner": 2
                    },
                    "type": "file"
                },
                "tx_mask_subheadline": {
                    "config": {
                        "enableRichtext": 1,
                        "type": "text"
                    },
                    "fullKey": "tx_mask_subheadline",
                    "key": "subheadline",
                    "type": "richtext"
                },
                "tx_mask_text": {
                    "config": {
                        "enableRichtext": 1,
                        "type": "text"
                    },
                    "description": {
                        "3_box_text_static_module": "",
                        "image_link_zoom_in_effect": "",
                        "landing_page_banner": ""
                    },
                    "fullKey": "tx_mask_text",
                    "inPalette": 1,
                    "inlineParent": {
                        "3_box_text_static_module": "tx_mask_a019ac1e55959",
                        "image_link_zoom_in_effect": "tx_mask_285469cab38d1",
                        "landing_page_banner": "tx_mask_49f1c44e65f1b"
                    },
                    "key": "text",
                    "label": {
                        "3_box_text_static_module": "Text",
                        "image_link_zoom_in_effect": "Text",
                        "landing_page_banner": "Text"
                    },
                    "order": {
                        "3_box_text_static_module": 1,
                        "image_link_zoom_in_effect": 1,
                        "landing_page_banner": 1
                    },
                    "type": "richtext"
                },
                "tx_mask_textmobile": {
                    "config": {
                        "enableRichtext": 1,
                        "type": "text"
                    },
                    "description": {
                        "3_box_text_static_module": "",
                        "image_link_zoom_in_effect": "",
                        "landing_page_banner": ""
                    },
                    "fullKey": "tx_mask_textmobile",
                    "inPalette": 1,
                    "inlineParent": {
                        "3_box_text_static_module": "tx_mask_a019ac1e55959",
                        "image_link_zoom_in_effect": "tx_mask_285469cab38d1",
                        "landing_page_banner": "tx_mask_49f1c44e65f1b"
                    },
                    "key": "textmobile",
                    "label": {
                        "3_box_text_static_module": "Text mobile",
                        "image_link_zoom_in_effect": "Text mobile",
                        "landing_page_banner": "Text mobile"
                    },
                    "order": {
                        "3_box_text_static_module": 2,
                        "image_link_zoom_in_effect": 2,
                        "landing_page_banner": 2
                    },
                    "type": "richtext"
                }
            }
        }
    }
}
