{
    "version": "7.2.0",
    "tables": {
        "tt_content": {
            "elements": {
                "speackers": {
                    "color": "#000000",
                    "colorOverlay": "#000000",
                    "columns": [
                        "tx_mask_backgroundchange",
                        "tx_mask_headline",
                        "tx_mask_subheadline",
                        "tx_mask_text",
                        "tx_mask_speakers"
                    ],
                    "description": "",
                    "descriptions": [
                        "",
                        "",
                        "",
                        "",
                        ""
                    ],
                    "icon": "fa-spoon",
                    "iconOverlay": "",
                    "key": "speackers",
                    "label": "Speackers",
                    "labels": [
                        "Change background",
                        "Headline",
                        "Subheadline",
                        "Text",
                        "Elements"
                    ],
                    "shortLabel": "",
                    "sorting": 12
                }
            },
            "sql": {
                "tx_mask_backgroundchange": {
                    "tt_content": {
                        "tx_mask_backgroundchange": "int(11) DEFAULT '0' NOT NULL"
                    }
                },
                "tx_mask_headline": {
                    "tt_content": {
                        "tx_mask_headline": "mediumtext"
                    }
                },
                "tx_mask_speakers": {
                    "tt_content": {
                        "tx_mask_speakers": "int(11) unsigned DEFAULT '0' NOT NULL"
                    }
                },
                "tx_mask_subheadline": {
                    "tt_content": {
                        "tx_mask_subheadline": "mediumtext"
                    }
                },
                "tx_mask_text": {
                    "tt_content": {
                        "tx_mask_text": "mediumtext"
                    }
                }
            },
            "tca": {
                "tx_mask_backgroundchange": {
                    "config": {
                        "items": [],
                        "type": "check"
                    },
                    "fullKey": "tx_mask_backgroundchange",
                    "key": "backgroundchange",
                    "type": "check"
                },
                "tx_mask_headline": {
                    "config": {
                        "enableRichtext": 1,
                        "type": "text"
                    },
                    "description": {
                        "3_box_text_static_module": ""
                    },
                    "fullKey": "tx_mask_headline",
                    "inPalette": 1,
                    "inlineParent": {
                        "3_box_text_static_module": "tx_mask_5502a1390dd8f"
                    },
                    "key": "headline",
                    "label": {
                        "3_box_text_static_module": "Headline"
                    },
                    "order": {
                        "3_box_text_static_module": 1
                    },
                    "type": "richtext"
                },
                "tx_mask_speakers": {
                    "config": {
                        "appearance": {
                            "enabledControls": {
                                "delete": 1,
                                "dragdrop": 1,
                                "hide": 1,
                                "info": 1,
                                "localize": 1,
                                "new": 1,
                                "sort": 1
                            },
                            "levelLinksPosition": "top",
                            "showAllLocalizationLink": 1,
                            "showNewRecordLink": 1,
                            "showPossibleLocalizationRecords": 1,
                            "useSortable": 1
                        },
                        "foreign_field": "parentid",
                        "foreign_sortby": "sorting",
                        "foreign_table": "--inlinetable--",
                        "foreign_table_field": "parenttable",
                        "type": "inline"
                    },
                    "fullKey": "tx_mask_speakers",
                    "key": "speakers",
                    "type": "inline"
                },
                "tx_mask_subheadline": {
                    "config": {
                        "enableRichtext": 1,
                        "type": "text"
                    },
                    "fullKey": "tx_mask_subheadline",
                    "key": "subheadline",
                    "type": "richtext"
                },
                "tx_mask_text": {
                    "config": {
                        "enableRichtext": 1,
                        "type": "text"
                    },
                    "description": {
                        "3_box_text_static_module": "",
                        "image_link_zoom_in_effect": "",
                        "landing_page_banner": ""
                    },
                    "fullKey": "tx_mask_text",
                    "inPalette": 1,
                    "inlineParent": {
                        "3_box_text_static_module": "tx_mask_a019ac1e55959",
                        "image_link_zoom_in_effect": "tx_mask_285469cab38d1",
                        "landing_page_banner": "tx_mask_49f1c44e65f1b"
                    },
                    "key": "text",
                    "label": {
                        "3_box_text_static_module": "Text",
                        "image_link_zoom_in_effect": "Text",
                        "landing_page_banner": "Text"
                    },
                    "order": {
                        "3_box_text_static_module": 1,
                        "image_link_zoom_in_effect": 1,
                        "landing_page_banner": 1
                    },
                    "type": "richtext"
                }
            }
        },
        "tx_mask_speakers": {
            "sql": {
                "tx_mask_image": {
                    "tx_mask_speakers": {
                        "tx_mask_image": "int(11) unsigned DEFAULT '0' NOT NULL"
                    }
                },
                "tx_mask_link": {
                    "tx_mask_speakers": {
                        "tx_mask_link": "varchar(255) DEFAULT '' NOT NULL"
                    }
                },
                "tx_mask_subtitle": {
                    "tx_mask_speakers": {
                        "tx_mask_subtitle": "varchar(255) DEFAULT '' NOT NULL"
                    }
                },
                "tx_mask_title": {
                    "tx_mask_speakers": {
                        "tx_mask_title": "varchar(255) DEFAULT '' NOT NULL"
                    }
                }
            },
            "tca": {
                "tx_mask_image": {
                    "config": {
                        "appearance": {
                            "elementBrowserEnabled": 1,
                            "enabledControls": {
                                "delete": 1,
                                "dragdrop": 1,
                                "hide": 1,
                                "info": 1,
                                "localize": 1,
                                "sort": 0
                            },
                            "fileUploadAllowed": 1,
                            "useSortable": 1
                        },
                        "maxitems": "",
                        "minitems": ""
                    },
                    "fullKey": "tx_mask_image",
                    "imageoverlayPalette": 1,
                    "inlineParent": "tx_mask_speakers",
                    "key": "image",
                    "label": "Image",
                    "order": 2,
                    "type": "file"
                },
                "tx_mask_link": {
                    "config": {
                        "renderType": "inputLink",
                        "type": "input"
                    },
                    "fullKey": "tx_mask_link",
                    "inlineParent": "tx_mask_speakers",
                    "key": "link",
                    "label": "Link",
                    "order": 1,
                    "type": "link"
                },
                "tx_mask_subtitle": {
                    "config": {
                        "type": "input"
                    },
                    "fullKey": "tx_mask_subtitle",
                    "inlineParent": "tx_mask_speakers",
                    "key": "subtitle",
                    "label": "Subtitle",
                    "order": 4,
                    "type": "string"
                },
                "tx_mask_title": {
                    "config": {
                        "type": "input"
                    },
                    "fullKey": "tx_mask_title",
                    "inlineParent": "tx_mask_speakers",
                    "key": "title",
                    "label": "Title",
                    "order": 3,
                    "type": "string"
                }
            }
        }
    }
}
