{
    "version": "7.2.0",
    "tables": {
        "tt_content": {
            "elements": {
                "3_text_box": {
                    "color": "#000000",
                    "colorOverlay": "#000000",
                    "columns": [
                        "tx_mask_headline",
                        "tx_mask_subheadline",
                        "tx_mask_textmobile",
                        "tx_mask_boxelements"
                    ],
                    "description": "",
                    "descriptions": [
                        "",
                        "",
                        "",
                        ""
                    ],
                    "icon": "fa-file-text-o",
                    "iconOverlay": "",
                    "key": "3_text_box",
                    "label": "3 text box",
                    "labels": [
                        "Headline",
                        "Text",
                        "Text mobile",
                        "Elements"
                    ],
                    "shortLabel": "",
                    "sorting": 15
                }
            },
            "sql": {
                "tx_mask_boxelements": {
                    "tt_content": {
                        "tx_mask_boxelements": "int(11) unsigned DEFAULT '0' NOT NULL"
                    }
                },
                "tx_mask_headline": {
                    "tt_content": {
                        "tx_mask_headline": "mediumtext"
                    }
                },
                "tx_mask_subheadline": {
                    "tt_content": {
                        "tx_mask_subheadline": "mediumtext"
                    }
                },
                "tx_mask_textmobile": {
                    "tt_content": {
                        "tx_mask_textmobile": "mediumtext"
                    }
                }
            },
            "tca": {
                "tx_mask_boxelements": {
                    "config": {
                        "appearance": {
                            "enabledControls": {
                                "delete": 1,
                                "dragdrop": 1,
                                "hide": 1,
                                "info": 1,
                                "localize": 1,
                                "new": 1,
                                "sort": 1
                            },
                            "levelLinksPosition": "top",
                            "showAllLocalizationLink": 1,
                            "showNewRecordLink": 1,
                            "showPossibleLocalizationRecords": 1,
                            "useSortable": 1
                        },
                        "foreign_field": "parentid",
                        "foreign_sortby": "sorting",
                        "foreign_table": "--inlinetable--",
                        "foreign_table_field": "parenttable",
                        "type": "inline"
                    },
                    "fullKey": "tx_mask_boxelements",
                    "key": "boxelements",
                    "type": "inline"
                },
                "tx_mask_headline": {
                    "config": {
                        "enableRichtext": 1,
                        "type": "text"
                    },
                    "description": {
                        "3_box_text_static_module": "",
                        "criteria_items": "",
                        "image_link_slider_with_tabs": "",
                        "image_link_zoom_in_effect": "",
                        "image_slider_text": "",
                        "intro": "",
                        "juri_list": ""
                    },
                    "fullKey": "tx_mask_headline",
                    "inPalette": 1,
                    "inlineParent": {
                        "3_box_text_static_module": "tx_mask_5502a1390dd8f",
                        "criteria_items": "tx_mask_a6d2670731e4d",
                        "image_link_slider_with_tabs": "tx_mask_0e33ab916b889",
                        "image_link_zoom_in_effect": "tx_mask_816288cb29f1",
                        "image_slider_text": "tx_mask_c7a28e3f60647",
                        "intro": "tx_mask_3170d5a513417",
                        "juri_list": "tx_mask_e571ad581c685"
                    },
                    "key": "headline",
                    "label": {
                        "3_box_text_static_module": "Headline",
                        "criteria_items": "Headline",
                        "image_link_slider_with_tabs": "Headline",
                        "image_link_zoom_in_effect": "Headline",
                        "image_slider_text": "Headline",
                        "intro": "Headline",
                        "juri_list": "Headline"
                    },
                    "order": {
                        "3_box_text_static_module": 1,
                        "criteria_items": 1,
                        "image_link_slider_with_tabs": 1,
                        "image_link_zoom_in_effect": 1,
                        "image_slider_text": 1,
                        "intro": 1,
                        "juri_list": 1
                    },
                    "type": "richtext"
                },
                "tx_mask_subheadline": {
                    "config": {
                        "enableRichtext": 1,
                        "type": "text"
                    },
                    "fullKey": "tx_mask_subheadline",
                    "key": "subheadline",
                    "type": "richtext"
                },
                "tx_mask_textmobile": {
                    "config": {
                        "enableRichtext": 1,
                        "type": "text"
                    },
                    "description": {
                        "3_box_text_static_module": "",
                        "criteria_items": "",
                        "image_link_zoom_in_effect": "",
                        "image_slider_text": "",
                        "juri_list": "",
                        "landing_page_banner": ""
                    },
                    "fullKey": "tx_mask_textmobile",
                    "inPalette": 1,
                    "inlineParent": {
                        "3_box_text_static_module": "tx_mask_a019ac1e55959",
                        "criteria_items": "tx_mask_003b69584b9d",
                        "image_link_zoom_in_effect": "tx_mask_285469cab38d1",
                        "image_slider_text": "tx_mask_528a67a5d4d35",
                        "juri_list": "tx_mask_ab5c83b997a82",
                        "landing_page_banner": "tx_mask_49f1c44e65f1b"
                    },
                    "key": "textmobile",
                    "label": {
                        "3_box_text_static_module": "Text mobile",
                        "criteria_items": "Text mobile",
                        "image_link_zoom_in_effect": "Text mobile",
                        "image_slider_text": "Text mobile",
                        "juri_list": "Text mobile",
                        "landing_page_banner": "Text mobile"
                    },
                    "order": {
                        "3_box_text_static_module": 2,
                        "criteria_items": 2,
                        "image_link_zoom_in_effect": 2,
                        "image_slider_text": 2,
                        "juri_list": 2,
                        "landing_page_banner": 2
                    },
                    "type": "richtext"
                }
            }
        },
        "tx_mask_boxelements": {
            "sql": {
                "tx_mask_image": {
                    "tx_mask_boxelements": {
                        "tx_mask_image": "int(11) unsigned DEFAULT '0' NOT NULL"
                    }
                },
                "tx_mask_text": {
                    "tx_mask_boxelements": {
                        "tx_mask_text": "mediumtext"
                    }
                },
                "tx_mask_title": {
                    "tx_mask_boxelements": {
                        "tx_mask_title": "mediumtext"
                    }
                }
            },
            "tca": {
                "tx_mask_image": {
                    "config": {
                        "appearance": {
                            "elementBrowserEnabled": 1,
                            "enabledControls": {
                                "delete": 1,
                                "dragdrop": 1,
                                "hide": 1,
                                "info": 1,
                                "localize": 1,
                                "sort": 0
                            },
                            "fileUploadAllowed": 1,
                            "useSortable": 1
                        },
                        "maxitems": "",
                        "minitems": ""
                    },
                    "fullKey": "tx_mask_image",
                    "imageoverlayPalette": 1,
                    "inlineParent": "tx_mask_boxelements",
                    "key": "image",
                    "label": "Image",
                    "order": 1,
                    "type": "file"
                },
                "tx_mask_text": {
                    "config": {
                        "enableRichtext": 1,
                        "type": "text"
                    },
                    "fullKey": "tx_mask_text",
                    "inlineParent": "tx_mask_boxelements",
                    "key": "text",
                    "label": "Text",
                    "order": 3,
                    "type": "richtext"
                },
                "tx_mask_title": {
                    "config": {
                        "enableRichtext": 1,
                        "type": "text"
                    },
                    "fullKey": "tx_mask_title",
                    "inlineParent": "tx_mask_boxelements",
                    "key": "title",
                    "label": "Title",
                    "order": 2,
                    "type": "richtext"
                }
            }
        }
    }
}
