{
    "version": "7.2.0",
    "tables": {
        "tt_content": {
            "elements": {
                "criteria_items": {
                    "color": "#000000",
                    "colorOverlay": "#000000",
                    "columns": [
                        "tx_mask_a6d2670731e4d",
                        "tx_mask_003b69584b9d",
                        "tx_mask_criterialist",
                        "tx_mask_8baba6ba042a7"
                    ],
                    "description": "",
                    "descriptions": [
                        "",
                        "",
                        "",
                        ""
                    ],
                    "icon": "",
                    "iconOverlay": "",
                    "key": "criteria_items",
                    "label": "Criteria Items",
                    "labels": [
                        "Headline",
                        "Text",
                        "Criteria List",
                        "Link"
                    ],
                    "shortLabel": "",
                    "sorting": 21
                }
            },
            "palettes": {
                "tx_mask_003b69584b9d": {
                    "description": "",
                    "label": "Text",
                    "showitem": [
                        "tx_mask_text",
                        "tx_mask_textmobile"
                    ]
                },
                "tx_mask_8baba6ba042a7": {
                    "description": "",
                    "label": "Link",
                    "showitem": [
                        "tx_mask_link1",
                        "tx_mask_link1text",
                        "tx_mask_bec612996533d",
                        "tx_mask_linkform"
                    ]
                },
                "tx_mask_a6d2670731e4d": {
                    "description": "",
                    "label": "Headline",
                    "showitem": [
                        "tx_mask_headline",
                        "tx_mask_headlinemobile"
                    ]
                }
            },
            "sql": {
                "tx_mask_criterialist": {
                    "tt_content": {
                        "tx_mask_criterialist": "int(11) unsigned DEFAULT '0' NOT NULL"
                    }
                },
                "tx_mask_headline": {
                    "tt_content": {
                        "tx_mask_headline": "mediumtext"
                    }
                },
                "tx_mask_headlinemobile": {
                    "tt_content": {
                        "tx_mask_headlinemobile": "mediumtext"
                    }
                },
                "tx_mask_link1": {
                    "tt_content": {
                        "tx_mask_link1": "varchar(255) DEFAULT '' NOT NULL"
                    }
                },
                "tx_mask_link1text": {
                    "tt_content": {
                        "tx_mask_link1text": "varchar(255) DEFAULT '' NOT NULL"
                    }
                },
                "tx_mask_linkform": {
                    "tt_content": {
                        "tx_mask_linkform": "varchar(255) DEFAULT '' NOT NULL"
                    }
                },
                "tx_mask_text": {
                    "tt_content": {
                        "tx_mask_text": "mediumtext"
                    }
                },
                "tx_mask_textmobile": {
                    "tt_content": {
                        "tx_mask_textmobile": "mediumtext"
                    }
                }
            },
            "tca": {
                "tx_mask_003b69584b9d": {
                    "config": {
                        "type": "palette"
                    },
                    "fullKey": "tx_mask_003b69584b9d",
                    "key": "003b69584b9d",
                    "type": "palette"
                },
                "tx_mask_8baba6ba042a7": {
                    "config": {
                        "type": "palette"
                    },
                    "fullKey": "tx_mask_8baba6ba042a7",
                    "key": "8baba6ba042a7",
                    "type": "palette"
                },
                "tx_mask_a6d2670731e4d": {
                    "config": {
                        "type": "palette"
                    },
                    "fullKey": "tx_mask_a6d2670731e4d",
                    "key": "a6d2670731e4d",
                    "type": "palette"
                },
                "tx_mask_bec612996533d": {
                    "config": {
                        "type": "linebreak"
                    },
                    "description": {
                        "criteria_items": ""
                    },
                    "fullKey": "tx_mask_bec612996533d",
                    "inPalette": 1,
                    "inlineParent": {
                        "criteria_items": "tx_mask_8baba6ba042a7"
                    },
                    "key": "bec612996533d",
                    "label": {
                        "criteria_items": ""
                    },
                    "order": {
                        "criteria_items": 3
                    },
                    "type": "linebreak"
                },
                "tx_mask_criterialist": {
                    "config": {
                        "appearance": {
                            "enabledControls": {
                                "delete": 1,
                                "dragdrop": 1,
                                "hide": 1,
                                "info": 1,
                                "localize": 1,
                                "new": 1,
                                "sort": 1
                            },
                            "levelLinksPosition": "top",
                            "showAllLocalizationLink": 1,
                            "showNewRecordLink": 1,
                            "showPossibleLocalizationRecords": 1,
                            "useSortable": 1
                        },
                        "foreign_field": "parentid",
                        "foreign_sortby": "sorting",
                        "foreign_table": "--inlinetable--",
                        "foreign_table_field": "parenttable",
                        "type": "inline"
                    },
                    "fullKey": "tx_mask_criterialist",
                    "key": "criterialist",
                    "type": "inline"
                },
                "tx_mask_headline": {
                    "config": {
                        "enableRichtext": 1,
                        "type": "text"
                    },
                    "description": {
                        "3_box_text_static_module": "",
                        "criteria_items": "",
                        "image_link_slider_with_tabs": "",
                        "image_link_zoom_in_effect": "",
                        "image_slider_text": "",
                        "intro": "",
                        "juri_list": ""
                    },
                    "fullKey": "tx_mask_headline",
                    "inPalette": 1,
                    "inlineParent": {
                        "3_box_text_static_module": "tx_mask_5502a1390dd8f",
                        "criteria_items": "tx_mask_a6d2670731e4d",
                        "image_link_slider_with_tabs": "tx_mask_0e33ab916b889",
                        "image_link_zoom_in_effect": "tx_mask_816288cb29f1",
                        "image_slider_text": "tx_mask_c7a28e3f60647",
                        "intro": "tx_mask_3170d5a513417",
                        "juri_list": "tx_mask_e571ad581c685"
                    },
                    "key": "headline",
                    "label": {
                        "3_box_text_static_module": "Headline",
                        "criteria_items": "Headline",
                        "image_link_slider_with_tabs": "Headline",
                        "image_link_zoom_in_effect": "Headline",
                        "image_slider_text": "Headline",
                        "intro": "Headline",
                        "juri_list": "Headline"
                    },
                    "order": {
                        "3_box_text_static_module": 1,
                        "criteria_items": 1,
                        "image_link_slider_with_tabs": 1,
                        "image_link_zoom_in_effect": 1,
                        "image_slider_text": 1,
                        "intro": 1,
                        "juri_list": 1
                    },
                    "type": "richtext"
                },
                "tx_mask_headlinemobile": {
                    "config": {
                        "enableRichtext": 1,
                        "type": "text"
                    },
                    "description": {
                        "3_box_text_static_module": "",
                        "criteria_items": "",
                        "image_link_slider_with_tabs": "",
                        "image_link_zoom_in_effect": "",
                        "image_slider_text": "",
                        "juri_list": ""
                    },
                    "fullKey": "tx_mask_headlinemobile",
                    "inPalette": 1,
                    "inlineParent": {
                        "3_box_text_static_module": "tx_mask_5502a1390dd8f",
                        "criteria_items": "tx_mask_a6d2670731e4d",
                        "image_link_slider_with_tabs": "tx_mask_0e33ab916b889",
                        "image_link_zoom_in_effect": "tx_mask_816288cb29f1",
                        "image_slider_text": "tx_mask_c7a28e3f60647",
                        "juri_list": "tx_mask_e571ad581c685"
                    },
                    "key": "headlinemobile",
                    "label": {
                        "3_box_text_static_module": "Headline Mobile",
                        "criteria_items": "Headline Mobile",
                        "image_link_slider_with_tabs": "Headline Mobile",
                        "image_link_zoom_in_effect": "Headline Mobile",
                        "image_slider_text": "Headline Mobile",
                        "juri_list": "Headline Mobile"
                    },
                    "order": {
                        "3_box_text_static_module": 2,
                        "criteria_items": 2,
                        "image_link_slider_with_tabs": 2,
                        "image_link_zoom_in_effect": 2,
                        "image_slider_text": 2,
                        "juri_list": 2
                    },
                    "type": "richtext"
                },
                "tx_mask_link1": {
                    "config": {
                        "renderType": "inputLink",
                        "type": "input"
                    },
                    "description": {
                        "criteria_items": "",
                        "image_link_slider_with_tabs": "",
                        "image_slider_text": "",
                        "intro": "",
                        "labs": "",
                        "landing_page_banner": "",
                        "simple_text": ""
                    },
                    "fullKey": "tx_mask_link1",
                    "inPalette": 1,
                    "inlineParent": {
                        "criteria_items": "tx_mask_8baba6ba042a7",
                        "image_slider_text": "tx_mask_1fdaa9a98af35",
                        "intro": "tx_mask_77da5e8d64e3b",
                        "labs": "tx_mask_056b260910ab8",
                        "landing_page_banner": "tx_mask_0621319df136",
                        "simple_text": "tx_mask_cd846f6fc623e"
                    },
                    "key": "link1",
                    "label": {
                        "criteria_items": "Link",
                        "image_slider_text": "Link",
                        "intro": "Link",
                        "labs": "Link",
                        "landing_page_banner": "Link",
                        "simple_text": "Link"
                    },
                    "order": {
                        "criteria_items": 1,
                        "image_slider_text": 2,
                        "intro": 2,
                        "labs": 2,
                        "landing_page_banner": 2,
                        "simple_text": 2
                    },
                    "type": "link"
                },
                "tx_mask_link1text": {
                    "config": {
                        "type": "input"
                    },
                    "description": {
                        "criteria_items": "",
                        "image_link_slider_with_tabs": "",
                        "image_slider_text": "",
                        "intro": "",
                        "labs": "",
                        "landing_page_banner": "",
                        "simple_text": ""
                    },
                    "fullKey": "tx_mask_link1text",
                    "inPalette": 1,
                    "inlineParent": {
                        "criteria_items": "tx_mask_8baba6ba042a7",
                        "image_slider_text": "tx_mask_1fdaa9a98af35",
                        "intro": "tx_mask_77da5e8d64e3b",
                        "labs": "tx_mask_056b260910ab8",
                        "landing_page_banner": "tx_mask_0621319df136",
                        "simple_text": "tx_mask_cd846f6fc623e"
                    },
                    "key": "link1text",
                    "label": {
                        "criteria_items": "Link text",
                        "image_slider_text": "Link text",
                        "intro": "Link text",
                        "labs": "Link text",
                        "landing_page_banner": "Link text",
                        "simple_text": "Link text"
                    },
                    "order": {
                        "criteria_items": 2,
                        "image_slider_text": 1,
                        "intro": 1,
                        "labs": 1,
                        "landing_page_banner": 1,
                        "simple_text": 1
                    },
                    "type": "string"
                },
                "tx_mask_linkform": {
                    "config": {
                        "type": "input"
                    },
                    "description": {
                        "criteria_items": "",
                        "intro": "",
                        "labs": "",
                        "landing_page_banner": "",
                        "simple_text": ""
                    },
                    "fullKey": "tx_mask_linkform",
                    "inPalette": 1,
                    "inlineParent": {
                        "criteria_items": "tx_mask_8baba6ba042a7",
                        "intro": "tx_mask_77da5e8d64e3b",
                        "labs": "tx_mask_056b260910ab8",
                        "landing_page_banner": "tx_mask_0621319df136",
                        "simple_text": "tx_mask_cd846f6fc623e"
                    },
                    "key": "linkform",
                    "label": {
                        "criteria_items": "Link Form",
                        "intro": "Link Form",
                        "labs": "Link Form",
                        "landing_page_banner": "Link Form",
                        "simple_text": "Link Form"
                    },
                    "order": {
                        "criteria_items": 4,
                        "intro": 4,
                        "labs": 4,
                        "landing_page_banner": 4,
                        "simple_text": 4
                    },
                    "type": "string"
                },
                "tx_mask_text": {
                    "config": {
                        "enableRichtext": 1,
                        "type": "text"
                    },
                    "description": {
                        "3_box_text_static_module": "",
                        "criteria_items": "",
                        "image_link_zoom_in_effect": "",
                        "image_slider_text": "",
                        "juri_list": "",
                        "landing_page_banner": ""
                    },
                    "fullKey": "tx_mask_text",
                    "inPalette": 1,
                    "inlineParent": {
                        "3_box_text_static_module": "tx_mask_a019ac1e55959",
                        "criteria_items": "tx_mask_003b69584b9d",
                        "image_link_zoom_in_effect": "tx_mask_285469cab38d1",
                        "image_slider_text": "tx_mask_528a67a5d4d35",
                        "juri_list": "tx_mask_ab5c83b997a82",
                        "landing_page_banner": "tx_mask_49f1c44e65f1b"
                    },
                    "key": "text",
                    "label": {
                        "3_box_text_static_module": "Text",
                        "criteria_items": "Text",
                        "image_link_zoom_in_effect": "Text",
                        "image_slider_text": "Text",
                        "juri_list": "Text",
                        "landing_page_banner": "Text"
                    },
                    "order": {
                        "3_box_text_static_module": 1,
                        "criteria_items": 1,
                        "image_link_zoom_in_effect": 1,
                        "image_slider_text": 1,
                        "juri_list": 1,
                        "landing_page_banner": 1
                    },
                    "type": "richtext"
                },
                "tx_mask_textmobile": {
                    "config": {
                        "enableRichtext": 1,
                        "type": "text"
                    },
                    "description": {
                        "3_box_text_static_module": "",
                        "criteria_items": "",
                        "image_link_zoom_in_effect": "",
                        "image_slider_text": "",
                        "juri_list": "",
                        "landing_page_banner": ""
                    },
                    "fullKey": "tx_mask_textmobile",
                    "inPalette": 1,
                    "inlineParent": {
                        "3_box_text_static_module": "tx_mask_a019ac1e55959",
                        "criteria_items": "tx_mask_003b69584b9d",
                        "image_link_zoom_in_effect": "tx_mask_285469cab38d1",
                        "image_slider_text": "tx_mask_528a67a5d4d35",
                        "juri_list": "tx_mask_ab5c83b997a82",
                        "landing_page_banner": "tx_mask_49f1c44e65f1b"
                    },
                    "key": "textmobile",
                    "label": {
                        "3_box_text_static_module": "Text mobile",
                        "criteria_items": "Text mobile",
                        "image_link_zoom_in_effect": "Text mobile",
                        "image_slider_text": "Text mobile",
                        "juri_list": "Text mobile",
                        "landing_page_banner": "Text mobile"
                    },
                    "order": {
                        "3_box_text_static_module": 2,
                        "criteria_items": 2,
                        "image_link_zoom_in_effect": 2,
                        "image_slider_text": 2,
                        "juri_list": 2,
                        "landing_page_banner": 2
                    },
                    "type": "richtext"
                }
            }
        },
        "tx_mask_criterialist": {
            "sql": {
                "tx_mask_criteriaheadline": {
                    "tx_mask_criterialist": {
                        "tx_mask_criteriaheadline": "mediumtext"
                    }
                },
                "tx_mask_criteriaintro": {
                    "tx_mask_criterialist": {
                        "tx_mask_criteriaintro": "mediumtext"
                    }
                },
                "tx_mask_criterialogo": {
                    "tx_mask_criterialist": {
                        "tx_mask_criterialogo": "int(11) unsigned DEFAULT '0' NOT NULL"
                    }
                }
            },
            "tca": {
                "tx_mask_criteriaheadline": {
                    "config": {
                        "enableRichtext": 1,
                        "type": "text"
                    },
                    "fullKey": "tx_mask_criteriaheadline",
                    "inlineParent": "tx_mask_criterialist",
                    "key": "criteriaheadline",
                    "label": "Criteria Headline",
                    "order": 2,
                    "type": "richtext"
                },
                "tx_mask_criteriaintro": {
                    "config": {
                        "enableRichtext": 1,
                        "type": "text"
                    },
                    "fullKey": "tx_mask_criteriaintro",
                    "inlineParent": "tx_mask_criterialist",
                    "key": "criteriaintro",
                    "label": "Criteria Intro",
                    "order": 3,
                    "type": "richtext"
                },
                "tx_mask_criterialogo": {
                    "config": {
                        "appearance": {
                            "elementBrowserEnabled": 1,
                            "enabledControls": {
                                "delete": 1,
                                "dragdrop": 1,
                                "hide": 1,
                                "info": 1,
                                "localize": 1,
                                "sort": 0
                            },
                            "fileUploadAllowed": 1,
                            "useSortable": 1
                        },
                        "maxitems": "",
                        "minitems": ""
                    },
                    "fullKey": "tx_mask_criterialogo",
                    "imageoverlayPalette": 1,
                    "inlineParent": "tx_mask_criterialist",
                    "key": "criterialogo",
                    "label": "Criteria Logo",
                    "order": 1,
                    "type": "file"
                }
            }
        }
    }
}
