{
    "version": "7.2.0",
    "tables": {
        "tt_content": {
            "elements": {
                "intro": {
                    "color": "#000000",
                    "colorOverlay": "#000000",
                    "columns": [
                        "tx_mask_3170d5a513417",
                        "tx_mask_subheadline",
                        "tx_mask_text",
                        "tx_mask_textmobile",
                        "tx_mask_image",
                        "tx_mask_imagemobile",
                        "tx_mask_77da5e8d64e3b"
                    ],
                    "description": "",
                    "descriptions": [
                        "",
                        "",
                        "",
                        "",
                        "",
                        "",
                        ""
                    ],
                    "icon": "fa-text-width",
                    "iconOverlay": "",
                    "key": "intro",
                    "label": "Intro",
                    "labels": [
                        "Headline",
                        "Subheadline",
                        "Text",
                        "Text mobile",
                        "Image",
                        "Image mobile",
                        "Button Box"
                    ],
                    "shortLabel": "",
                    "sorting": 0
                }
            },
            "palettes": {
                "tx_mask_3170d5a513417": {
                    "description": "",
                    "label": "Headline",
                    "showitem": [
                        "tx_mask_headline",
                        "tx_mask_changefirstcharacter"
                    ]
                },
                "tx_mask_77da5e8d64e3b": {
                    "description": "",
                    "label": "Button Box",
                    "showitem": [
                        "tx_mask_link1text",
                        "tx_mask_link1",
                        "tx_mask_67c7c689a8239",
                        "tx_mask_linkform",
                        "tx_mask_961b05a4f582f",
                        "tx_mask_link2text",
                        "tx_mask_link2"
                    ]
                }
            },
            "sql": {
                "tx_mask_changefirstcharacter": {
                    "tt_content": {
                        "tx_mask_changefirstcharacter": "int(11) DEFAULT '0' NOT NULL"
                    }
                },
                "tx_mask_headline": {
                    "tt_content": {
                        "tx_mask_headline": "mediumtext"
                    }
                },
                "tx_mask_image": {
                    "tt_content": {
                        "tx_mask_image": "int(11) unsigned DEFAULT '0' NOT NULL"
                    }
                },
                "tx_mask_imagemobile": {
                    "tt_content": {
                        "tx_mask_imagemobile": "int(11) unsigned DEFAULT '0' NOT NULL"
                    }
                },
                "tx_mask_link1": {
                    "tt_content": {
                        "tx_mask_link1": "varchar(255) DEFAULT '' NOT NULL"
                    }
                },
                "tx_mask_link1text": {
                    "tt_content": {
                        "tx_mask_link1text": "varchar(255) DEFAULT '' NOT NULL"
                    }
                },
                "tx_mask_link2": {
                    "tt_content": {
                        "tx_mask_link2": "varchar(255) DEFAULT '' NOT NULL"
                    }
                },
                "tx_mask_link2text": {
                    "tt_content": {
                        "tx_mask_link2text": "varchar(255) DEFAULT '' NOT NULL"
                    }
                },
                "tx_mask_linkform": {
                    "tt_content": {
                        "tx_mask_linkform": "varchar(255) DEFAULT '' NOT NULL"
                    }
                },
                "tx_mask_subheadline": {
                    "tt_content": {
                        "tx_mask_subheadline": "mediumtext"
                    }
                },
                "tx_mask_text": {
                    "tt_content": {
                        "tx_mask_text": "mediumtext"
                    }
                },
                "tx_mask_textmobile": {
                    "tt_content": {
                        "tx_mask_textmobile": "mediumtext"
                    }
                }
            },
            "tca": {
                "tx_mask_3170d5a513417": {
                    "config": {
                        "type": "palette"
                    },
                    "fullKey": "tx_mask_3170d5a513417",
                    "key": "3170d5a513417",
                    "type": "palette"
                },
                "tx_mask_67c7c689a8239": {
                    "config": {
                        "type": "linebreak"
                    },
                    "description": {
                        "intro": ""
                    },
                    "fullKey": "tx_mask_67c7c689a8239",
                    "inPalette": 1,
                    "inlineParent": {
                        "intro": "tx_mask_77da5e8d64e3b"
                    },
                    "key": "67c7c689a8239",
                    "label": {
                        "intro": ""
                    },
                    "order": {
                        "intro": 3
                    },
                    "type": "linebreak"
                },
                "tx_mask_77da5e8d64e3b": {
                    "config": {
                        "type": "palette"
                    },
                    "fullKey": "tx_mask_77da5e8d64e3b",
                    "key": "77da5e8d64e3b",
                    "type": "palette"
                },
                "tx_mask_961b05a4f582f": {
                    "config": {
                        "type": "linebreak"
                    },
                    "description": {
                        "intro": ""
                    },
                    "fullKey": "tx_mask_961b05a4f582f",
                    "inPalette": 1,
                    "inlineParent": {
                        "intro": "tx_mask_77da5e8d64e3b"
                    },
                    "key": "961b05a4f582f",
                    "label": {
                        "intro": ""
                    },
                    "order": {
                        "intro": 5
                    },
                    "type": "linebreak"
                },
                "tx_mask_changefirstcharacter": {
                    "config": {
                        "items": [],
                        "type": "check"
                    },
                    "description": {
                        "intro": ""
                    },
                    "fullKey": "tx_mask_changefirstcharacter",
                    "inPalette": 1,
                    "inlineParent": {
                        "intro": "tx_mask_3170d5a513417"
                    },
                    "key": "changefirstcharacter",
                    "label": {
                        "intro": "Change First Chaaracter (D)"
                    },
                    "order": {
                        "intro": 2
                    },
                    "type": "check"
                },
                "tx_mask_headline": {
                    "config": {
                        "enableRichtext": 1,
                        "type": "text"
                    },
                    "description": {
                        "3_box_text_static_module": "",
                        "criteria_items": "",
                        "image_link_slider_with_tabs": "",
                        "image_link_zoom_in_effect": "",
                        "image_slider_text": "",
                        "intro": "",
                        "juri_list": ""
                    },
                    "fullKey": "tx_mask_headline",
                    "inPalette": 1,
                    "inlineParent": {
                        "3_box_text_static_module": "tx_mask_5502a1390dd8f",
                        "criteria_items": "tx_mask_a6d2670731e4d",
                        "image_link_slider_with_tabs": "tx_mask_0e33ab916b889",
                        "image_link_zoom_in_effect": "tx_mask_816288cb29f1",
                        "image_slider_text": "tx_mask_c7a28e3f60647",
                        "intro": "tx_mask_3170d5a513417",
                        "juri_list": "tx_mask_e571ad581c685"
                    },
                    "key": "headline",
                    "label": {
                        "3_box_text_static_module": "Headline",
                        "criteria_items": "Headline",
                        "image_link_slider_with_tabs": "Headline",
                        "image_link_zoom_in_effect": "Headline",
                        "image_slider_text": "Headline",
                        "intro": "Headline",
                        "juri_list": "Headline"
                    },
                    "order": {
                        "3_box_text_static_module": 1,
                        "criteria_items": 1,
                        "image_link_slider_with_tabs": 1,
                        "image_link_zoom_in_effect": 1,
                        "image_slider_text": 1,
                        "intro": 1,
                        "juri_list": 1
                    },
                    "type": "richtext"
                },
                "tx_mask_image": {
                    "config": {
                        "appearance": {
                            "elementBrowserEnabled": 1,
                            "enabledControls": {
                                "delete": 1,
                                "dragdrop": 1,
                                "hide": 1,
                                "info": 1,
                                "localize": 1,
                                "sort": 0
                            },
                            "fileUploadAllowed": 1,
                            "useSortable": 1
                        },
                        "maxitems": "1",
                        "minitems": ""
                    },
                    "description": {
                        "card_double_text": "",
                        "landing_page_banner": ""
                    },
                    "fullKey": "tx_mask_image",
                    "imageoverlayPalette": 1,
                    "inPalette": 1,
                    "inlineParent": {
                        "card_double_text": "tx_mask_7cbad157087c5",
                        "landing_page_banner": "tx_mask_b75420521c24e"
                    },
                    "key": "image",
                    "label": {
                        "card_double_text": "Image",
                        "landing_page_banner": "Image"
                    },
                    "order": {
                        "card_double_text": 1,
                        "landing_page_banner": 1
                    },
                    "type": "file"
                },
                "tx_mask_imagemobile": {
                    "config": {
                        "appearance": {
                            "elementBrowserEnabled": 1,
                            "enabledControls": {
                                "delete": 1,
                                "dragdrop": 1,
                                "hide": 1,
                                "info": 1,
                                "localize": 1,
                                "sort": 0
                            },
                            "fileUploadAllowed": 1,
                            "useSortable": 1
                        },
                        "maxitems": "",
                        "minitems": ""
                    },
                    "description": {
                        "landing_page_banner": ""
                    },
                    "fullKey": "tx_mask_imagemobile",
                    "imageoverlayPalette": 1,
                    "inPalette": 1,
                    "inlineParent": {
                        "landing_page_banner": "tx_mask_b75420521c24e"
                    },
                    "key": "imagemobile",
                    "label": {
                        "landing_page_banner": "Image mobile"
                    },
                    "order": {
                        "landing_page_banner": 2
                    },
                    "type": "file"
                },
                "tx_mask_link1": {
                    "config": {
                        "renderType": "inputLink",
                        "type": "input"
                    },
                    "description": {
                        "criteria_items": "",
                        "image_link_slider_with_tabs": "",
                        "image_slider_text": "",
                        "intro": "",
                        "labs": "",
                        "landing_page_banner": "",
                        "simple_text": ""
                    },
                    "fullKey": "tx_mask_link1",
                    "inPalette": 1,
                    "inlineParent": {
                        "criteria_items": "tx_mask_8baba6ba042a7",
                        "image_slider_text": "tx_mask_1fdaa9a98af35",
                        "intro": "tx_mask_77da5e8d64e3b",
                        "labs": "tx_mask_056b260910ab8",
                        "landing_page_banner": "tx_mask_0621319df136",
                        "simple_text": "tx_mask_cd846f6fc623e"
                    },
                    "key": "link1",
                    "label": {
                        "criteria_items": "Link",
                        "image_slider_text": "Link",
                        "intro": "Link",
                        "labs": "Link",
                        "landing_page_banner": "Link",
                        "simple_text": "Link"
                    },
                    "order": {
                        "criteria_items": 1,
                        "image_slider_text": 2,
                        "intro": 2,
                        "labs": 2,
                        "landing_page_banner": 2,
                        "simple_text": 2
                    },
                    "type": "link"
                },
                "tx_mask_link1text": {
                    "config": {
                        "type": "input"
                    },
                    "description": {
                        "criteria_items": "",
                        "image_link_slider_with_tabs": "",
                        "image_slider_text": "",
                        "intro": "",
                        "labs": "",
                        "landing_page_banner": "",
                        "simple_text": ""
                    },
                    "fullKey": "tx_mask_link1text",
                    "inPalette": 1,
                    "inlineParent": {
                        "criteria_items": "tx_mask_8baba6ba042a7",
                        "image_slider_text": "tx_mask_1fdaa9a98af35",
                        "intro": "tx_mask_77da5e8d64e3b",
                        "labs": "tx_mask_056b260910ab8",
                        "landing_page_banner": "tx_mask_0621319df136",
                        "simple_text": "tx_mask_cd846f6fc623e"
                    },
                    "key": "link1text",
                    "label": {
                        "criteria_items": "Link text",
                        "image_slider_text": "Link text",
                        "intro": "Link text",
                        "labs": "Link text",
                        "landing_page_banner": "Link text",
                        "simple_text": "Link text"
                    },
                    "order": {
                        "criteria_items": 2,
                        "image_slider_text": 1,
                        "intro": 1,
                        "labs": 1,
                        "landing_page_banner": 1,
                        "simple_text": 1
                    },
                    "type": "string"
                },
                "tx_mask_link2": {
                    "config": {
                        "renderType": "inputLink",
                        "type": "input"
                    },
                    "description": {
                        "intro": ""
                    },
                    "fullKey": "tx_mask_link2",
                    "inPalette": 1,
                    "inlineParent": {
                        "intro": "tx_mask_77da5e8d64e3b"
                    },
                    "key": "link2",
                    "label": {
                        "intro": "Upload Link"
                    },
                    "order": {
                        "intro": 7
                    },
                    "type": "link"
                },
                "tx_mask_link2text": {
                    "config": {
                        "type": "input"
                    },
                    "description": {
                        "intro": ""
                    },
                    "fullKey": "tx_mask_link2text",
                    "inPalette": 1,
                    "inlineParent": {
                        "intro": "tx_mask_77da5e8d64e3b"
                    },
                    "key": "link2text",
                    "label": {
                        "intro": "Upload Link Text"
                    },
                    "order": {
                        "intro": 6
                    },
                    "type": "string"
                },
                "tx_mask_linkform": {
                    "config": {
                        "type": "input"
                    },
                    "description": {
                        "criteria_items": "",
                        "intro": "",
                        "labs": "",
                        "landing_page_banner": "",
                        "simple_text": ""
                    },
                    "fullKey": "tx_mask_linkform",
                    "inPalette": 1,
                    "inlineParent": {
                        "criteria_items": "tx_mask_8baba6ba042a7",
                        "intro": "tx_mask_77da5e8d64e3b",
                        "labs": "tx_mask_056b260910ab8",
                        "landing_page_banner": "tx_mask_0621319df136",
                        "simple_text": "tx_mask_cd846f6fc623e"
                    },
                    "key": "linkform",
                    "label": {
                        "criteria_items": "Link Form",
                        "intro": "Link Form",
                        "labs": "Link Form",
                        "landing_page_banner": "Link Form",
                        "simple_text": "Link Form"
                    },
                    "order": {
                        "criteria_items": 4,
                        "intro": 4,
                        "labs": 4,
                        "landing_page_banner": 4,
                        "simple_text": 4
                    },
                    "type": "string"
                },
                "tx_mask_subheadline": {
                    "config": {
                        "enableRichtext": 1,
                        "type": "text"
                    },
                    "fullKey": "tx_mask_subheadline",
                    "key": "subheadline",
                    "type": "richtext"
                },
                "tx_mask_text": {
                    "config": {
                        "enableRichtext": 1,
                        "type": "text"
                    },
                    "description": {
                        "3_box_text_static_module": "",
                        "criteria_items": "",
                        "image_link_zoom_in_effect": "",
                        "image_slider_text": "",
                        "juri_list": "",
                        "landing_page_banner": ""
                    },
                    "fullKey": "tx_mask_text",
                    "inPalette": 1,
                    "inlineParent": {
                        "3_box_text_static_module": "tx_mask_a019ac1e55959",
                        "criteria_items": "tx_mask_003b69584b9d",
                        "image_link_zoom_in_effect": "tx_mask_285469cab38d1",
                        "image_slider_text": "tx_mask_528a67a5d4d35",
                        "juri_list": "tx_mask_ab5c83b997a82",
                        "landing_page_banner": "tx_mask_49f1c44e65f1b"
                    },
                    "key": "text",
                    "label": {
                        "3_box_text_static_module": "Text",
                        "criteria_items": "Text",
                        "image_link_zoom_in_effect": "Text",
                        "image_slider_text": "Text",
                        "juri_list": "Text",
                        "landing_page_banner": "Text"
                    },
                    "order": {
                        "3_box_text_static_module": 1,
                        "criteria_items": 1,
                        "image_link_zoom_in_effect": 1,
                        "image_slider_text": 1,
                        "juri_list": 1,
                        "landing_page_banner": 1
                    },
                    "type": "richtext"
                },
                "tx_mask_textmobile": {
                    "config": {
                        "enableRichtext": 1,
                        "type": "text"
                    },
                    "description": {
                        "3_box_text_static_module": "",
                        "criteria_items": "",
                        "image_link_zoom_in_effect": "",
                        "image_slider_text": "",
                        "juri_list": "",
                        "landing_page_banner": ""
                    },
                    "fullKey": "tx_mask_textmobile",
                    "inPalette": 1,
                    "inlineParent": {
                        "3_box_text_static_module": "tx_mask_a019ac1e55959",
                        "criteria_items": "tx_mask_003b69584b9d",
                        "image_link_zoom_in_effect": "tx_mask_285469cab38d1",
                        "image_slider_text": "tx_mask_528a67a5d4d35",
                        "juri_list": "tx_mask_ab5c83b997a82",
                        "landing_page_banner": "tx_mask_49f1c44e65f1b"
                    },
                    "key": "textmobile",
                    "label": {
                        "3_box_text_static_module": "Text mobile",
                        "criteria_items": "Text mobile",
                        "image_link_zoom_in_effect": "Text mobile",
                        "image_slider_text": "Text mobile",
                        "juri_list": "Text mobile",
                        "landing_page_banner": "Text mobile"
                    },
                    "order": {
                        "3_box_text_static_module": 2,
                        "criteria_items": 2,
                        "image_link_zoom_in_effect": 2,
                        "image_slider_text": 2,
                        "juri_list": 2,
                        "landing_page_banner": 2
                    },
                    "type": "richtext"
                }
            }
        }
    }
}
