{
    "version": "7.2.0",
    "tables": {
        "tt_content": {
            "elements": {
                "autoplay_video": {
                    "color": "#000000",
                    "colorOverlay": "#000000",
                    "columns": [
                        "tx_mask_3dfram",
                        "tx_mask_headline",
                        "tx_mask_link1text",
                        "tx_mask_link1",
                        "tx_mask_video",
                        "tx_mask_widgetcode"
                    ],
                    "description": "",
                    "descriptions": [
                        "",
                        "",
                        "",
                        "",
                        "",
                        ""
                    ],
                    "icon": "fa-video-camera",
                    "iconOverlay": "",
                    "key": "autoplay_video",
                    "label": "Autoplay video",
                    "labels": [
                        "3D Frame",
                        "Headline",
                        "Link text",
                        "Link",
                        "Video",
                        "Widget code"
                    ],
                    "shortLabel": "",
                    "sorting": 1
                }
            },
            "sql": {
                "tx_mask_3dfram": {
                    "tt_content": {
                        "tx_mask_3dfram": "int(11) DEFAULT '0' NOT NULL"
                    }
                },
                "tx_mask_headline": {
                    "tt_content": {
                        "tx_mask_headline": "mediumtext"
                    }
                },
                "tx_mask_link1": {
                    "tt_content": {
                        "tx_mask_link1": "varchar(255) DEFAULT '' NOT NULL"
                    }
                },
                "tx_mask_link1text": {
                    "tt_content": {
                        "tx_mask_link1text": "varchar(255) DEFAULT '' NOT NULL"
                    }
                },
                "tx_mask_video": {
                    "tt_content": {
                        "tx_mask_video": "int(11) unsigned DEFAULT '0' NOT NULL"
                    }
                },
                "tx_mask_widgetcode": {
                    "tt_content": {
                        "tx_mask_widgetcode": "int(11) unsigned DEFAULT '0' NOT NULL"
                    }
                }
            },
            "tca": {
                "tx_mask_3dfram": {
                    "config": {
                        "items": [],
                        "type": "check"
                    },
                    "fullKey": "tx_mask_3dfram",
                    "key": "3dfram",
                    "type": "check"
                },
                "tx_mask_headline": {
                    "config": {
                        "enableRichtext": 1,
                        "type": "text"
                    },
                    "fullKey": "tx_mask_headline",
                    "key": "headline",
                    "type": "richtext"
                },
                "tx_mask_link1": {
                    "config": {
                        "renderType": "inputLink",
                        "type": "input"
                    },
                    "fullKey": "tx_mask_link1",
                    "key": "link1",
                    "type": "link"
                },
                "tx_mask_link1text": {
                    "config": {
                        "type": "input"
                    },
                    "fullKey": "tx_mask_link1text",
                    "key": "link1text",
                    "type": "string"
                },
                "tx_mask_video": {
                    "config": {
                        "appearance": {
                            "elementBrowserEnabled": 1,
                            "enabledControls": {
                                "delete": 1,
                                "dragdrop": 1,
                                "hide": 1,
                                "info": 1,
                                "localize": 1,
                                "sort": 0
                            },
                            "fileByUrlAllowed": 1,
                            "fileUploadAllowed": 1,
                            "useSortable": 1
                        }
                    },
                    "fullKey": "tx_mask_video",
                    "key": "video",
                    "onlineMedia": [
                        "youtube",
                        "vimeo"
                    ],
                    "type": "media"
                },
                "tx_mask_widgetcode": {
                    "cTypes": [
                        "html"
                    ],
                    "config": {
                        "appearance": {
                            "enabledControls": {
                                "delete": 1,
                                "dragdrop": 1,
                                "hide": 1,
                                "info": 1,
                                "localize": 1,
                                "new": 1,
                                "sort": 1
                            },
                            "levelLinksPosition": "top",
                            "showAllLocalizationLink": 1,
                            "showNewRecordLink": 1,
                            "showPossibleLocalizationRecords": 1,
                            "useSortable": 1
                        },
                        "foreign_sortby": "sorting",
                        "foreign_table": "tt_content",
                        "overrideChildTca": {
                            "columns": {
                                "colPos": {
                                    "config": {
                                        "default": 999
                                    }
                                }
                            }
                        },
                        "type": "inline"
                    },
                    "fullKey": "tx_mask_widgetcode",
                    "key": "widgetcode",
                    "type": "content"
                }
            }
        }
    }
}
