{
    "version": "7.2.0",
    "tables": {
        "tt_content": {
            "elements": {
                "image_link_slider_with_tabs": {
                    "color": "#000000",
                    "colorOverlay": "#000000",
                    "columns": [
                        "tx_mask_slidertabs"
                    ],
                    "description": "",
                    "descriptions": [
                        ""
                    ],
                    "icon": "fa-slack",
                    "iconOverlay": "",
                    "key": "image_link_slider_with_tabs",
                    "label": "Image link slider with tabs",
                    "labels": [
                        "Slider tabs"
                    ],
                    "shortLabel": "",
                    "sorting": 18
                }
            },
            "sql": {
                "tx_mask_slidertabs": {
                    "tt_content": {
                        "tx_mask_slidertabs": "int(11) unsigned DEFAULT '0' NOT NULL"
                    }
                }
            },
            "tca": {
                "tx_mask_slidertabs": {
                    "config": {
                        "appearance": {
                            "enabledControls": {
                                "delete": 1,
                                "dragdrop": 1,
                                "hide": 1,
                                "info": 1,
                                "localize": 1,
                                "new": 1,
                                "sort": 1
                            },
                            "levelLinksPosition": "top",
                            "showAllLocalizationLink": 1,
                            "showNewRecordLink": 1,
                            "showPossibleLocalizationRecords": 1,
                            "useSortable": 1
                        },
                        "foreign_field": "parentid",
                        "foreign_sortby": "sorting",
                        "foreign_table": "--inlinetable--",
                        "foreign_table_field": "parenttable",
                        "type": "inline"
                    },
                    "fullKey": "tx_mask_slidertabs",
                    "key": "slidertabs",
                    "type": "inline"
                }
            }
        },
        "tx_mask_slidertabs": {
            "sql": {
                "tx_mask_tabtitle": {
                    "tx_mask_slidertabs": {
                        "tx_mask_tabtitle": "varchar(255) DEFAULT '' NOT NULL"
                    }
                },
                "tx_mask_videolist": {
                    "tx_mask_slidertabs": {
                        "tx_mask_videolist": "int(11) unsigned DEFAULT '0' NOT NULL"
                    }
                }
            },
            "tca": {
                "tx_mask_tabtitle": {
                    "config": {
                        "type": "input"
                    },
                    "fullKey": "tx_mask_tabtitle",
                    "inlineParent": "tx_mask_slidertabs",
                    "key": "tabtitle",
                    "label": "Tab title",
                    "order": 1,
                    "type": "string"
                },
                "tx_mask_videolist": {
                    "config": {
                        "appearance": {
                            "enabledControls": {
                                "delete": 1,
                                "dragdrop": 1,
                                "hide": 1,
                                "info": 1,
                                "localize": 1,
                                "new": 1,
                                "sort": 1
                            },
                            "levelLinksPosition": "top",
                            "showAllLocalizationLink": 1,
                            "showNewRecordLink": 1,
                            "showPossibleLocalizationRecords": 1,
                            "useSortable": 1
                        },
                        "foreign_field": "parentid",
                        "foreign_sortby": "sorting",
                        "foreign_table": "--inlinetable--",
                        "foreign_table_field": "parenttable",
                        "type": "inline"
                    },
                    "fullKey": "tx_mask_videolist",
                    "inlineParent": "tx_mask_slidertabs",
                    "key": "videolist",
                    "label": "Elements",
                    "order": 2,
                    "type": "inline"
                }
            }
        },
        "tx_mask_videolist": {
            "sql": {
                "tx_mask_image": {
                    "tx_mask_videolist": {
                        "tx_mask_image": "int(11) unsigned DEFAULT '0' NOT NULL"
                    }
                },
                "tx_mask_link": {
                    "tx_mask_videolist": {
                        "tx_mask_link": "varchar(255) DEFAULT '' NOT NULL"
                    }
                },
                "tx_mask_mobiletext": {
                    "tx_mask_videolist": {
                        "tx_mask_mobiletext": "mediumtext"
                    }
                },
                "tx_mask_text": {
                    "tx_mask_videolist": {
                        "tx_mask_text": "mediumtext"
                    }
                },
                "tx_mask_title": {
                    "tx_mask_videolist": {
                        "tx_mask_title": "mediumtext"
                    }
                }
            },
            "tca": {
                "tx_mask_image": {
                    "config": {
                        "appearance": {
                            "elementBrowserEnabled": 1,
                            "enabledControls": {
                                "delete": 1,
                                "dragdrop": 1,
                                "hide": 1,
                                "info": 1,
                                "localize": 1,
                                "sort": 0
                            },
                            "fileUploadAllowed": 1,
                            "useSortable": 1
                        },
                        "maxitems": "",
                        "minitems": ""
                    },
                    "fullKey": "tx_mask_image",
                    "imageoverlayPalette": 1,
                    "inlineParent": "tx_mask_videolist",
                    "key": "image",
                    "label": "Image",
                    "order": 5,
                    "type": "file"
                },
                "tx_mask_link": {
                    "config": {
                        "renderType": "inputLink",
                        "type": "input"
                    },
                    "fullKey": "tx_mask_link",
                    "inlineParent": "tx_mask_videolist",
                    "key": "link",
                    "label": "Link",
                    "order": 4,
                    "type": "link"
                },
                "tx_mask_mobiletext": {
                    "config": {
                        "enableRichtext": 1,
                        "type": "text"
                    },
                    "fullKey": "tx_mask_mobiletext",
                    "inlineParent": "tx_mask_videolist",
                    "key": "mobiletext",
                    "label": "Mobile text",
                    "order": 3,
                    "type": "richtext"
                },
                "tx_mask_text": {
                    "config": {
                        "enableRichtext": 1,
                        "type": "text"
                    },
                    "fullKey": "tx_mask_text",
                    "inlineParent": "tx_mask_videolist",
                    "key": "text",
                    "label": "Text",
                    "order": 2,
                    "type": "richtext"
                },
                "tx_mask_title": {
                    "config": {
                        "enableRichtext": 1,
                        "type": "text"
                    },
                    "fullKey": "tx_mask_title",
                    "inlineParent": "tx_mask_videolist",
                    "key": "title",
                    "label": "Title",
                    "order": 1,
                    "type": "richtext"
                }
            }
        }
    }
}
