{
    "version": "7.2.0",
    "tables": {
        "tt_content": {
            "elements": {
                "qr_code_link_content": {
                    "color": "#000000",
                    "colorOverlay": "#000000",
                    "columns": [
                        "tx_mask_preheadline",
                        "tx_mask_headline",
                        "tx_mask_image",
                        "tx_mask_qritems"
                    ],
                    "description": "",
                    "descriptions": [
                        "",
                        "",
                        "",
                        ""
                    ],
                    "icon": "",
                    "iconOverlay": "",
                    "key": "qr_code_link_content",
                    "label": "QR code link content",
                    "labels": [
                        "Preehadline",
                        "Headline",
                        "Image",
                        "Elements"
                    ],
                    "shortLabel": "",
                    "sorting": 1
                }
            },
            "sql": {
                "tx_mask_headline": {
                    "tt_content": {
                        "tx_mask_headline": "mediumtext"
                    }
                },
                "tx_mask_image": {
                    "tt_content": {
                        "tx_mask_image": "int(11) unsigned DEFAULT '0' NOT NULL"
                    }
                },
                "tx_mask_preheadline": {
                    "tt_content": {
                        "tx_mask_preheadline": "mediumtext"
                    }
                },
                "tx_mask_qritems": {
                    "tt_content": {
                        "tx_mask_qritems": "int(11) unsigned DEFAULT '0' NOT NULL"
                    }
                }
            },
            "tca": {
                "tx_mask_headline": {
                    "config": {
                        "enableRichtext": 1,
                        "type": "text"
                    },
                    "fullKey": "tx_mask_headline",
                    "key": "headline",
                    "type": "richtext"
                },
                "tx_mask_image": {
                    "config": {
                        "appearance": {
                            "elementBrowserEnabled": 1,
                            "enabledControls": {
                                "delete": 1,
                                "dragdrop": 1,
                                "hide": 1,
                                "info": 1,
                                "localize": 1,
                                "sort": 0
                            },
                            "fileUploadAllowed": 1,
                            "useSortable": 1
                        },
                        "maxitems": "1",
                        "minitems": ""
                    },
                    "fullKey": "tx_mask_image",
                    "imageoverlayPalette": 1,
                    "key": "image",
                    "type": "file"
                },
                "tx_mask_preheadline": {
                    "config": {
                        "enableRichtext": 1,
                        "type": "text"
                    },
                    "fullKey": "tx_mask_preheadline",
                    "key": "preheadline",
                    "type": "richtext"
                },
                "tx_mask_qritems": {
                    "config": {
                        "appearance": {
                            "enabledControls": {
                                "delete": 1,
                                "dragdrop": 1,
                                "hide": 1,
                                "info": 1,
                                "localize": 1,
                                "new": 1,
                                "sort": 1
                            },
                            "levelLinksPosition": "top",
                            "showAllLocalizationLink": 1,
                            "showNewRecordLink": 1,
                            "showPossibleLocalizationRecords": 1,
                            "useSortable": 1
                        },
                        "foreign_field": "parentid",
                        "foreign_sortby": "sorting",
                        "foreign_table": "--inlinetable--",
                        "foreign_table_field": "parenttable",
                        "type": "inline"
                    },
                    "fullKey": "tx_mask_qritems",
                    "key": "qritems",
                    "type": "inline"
                }
            }
        },
        "tx_mask_buttonslist": {
            "sql": {
                "tx_mask_link": {
                    "tx_mask_buttonslist": {
                        "tx_mask_link": "varchar(255) DEFAULT '' NOT NULL"
                    }
                },
                "tx_mask_linktext": {
                    "tx_mask_buttonslist": {
                        "tx_mask_linktext": "varchar(255) DEFAULT '' NOT NULL"
                    }
                }
            },
            "tca": {
                "tx_mask_link": {
                    "config": {
                        "renderType": "inputLink",
                        "type": "input"
                    },
                    "fullKey": "tx_mask_link",
                    "inlineParent": "tx_mask_buttonslist",
                    "key": "link",
                    "label": "Link",
                    "order": 1,
                    "type": "link"
                },
                "tx_mask_linktext": {
                    "config": {
                        "type": "input"
                    },
                    "fullKey": "tx_mask_linktext",
                    "inlineParent": "tx_mask_buttonslist",
                    "key": "linktext",
                    "label": "Link text",
                    "order": 2,
                    "type": "string"
                }
            }
        },
        "tx_mask_qritems": {
            "sql": {
                "tx_mask_buttonslist": {
                    "tx_mask_qritems": {
                        "tx_mask_buttonslist": "int(11) unsigned DEFAULT '0' NOT NULL"
                    }
                },
                "tx_mask_title": {
                    "tx_mask_qritems": {
                        "tx_mask_title": "mediumtext"
                    }
                }
            },
            "tca": {
                "tx_mask_buttonslist": {
                    "config": {
                        "appearance": {
                            "enabledControls": {
                                "delete": 1,
                                "dragdrop": 1,
                                "hide": 1,
                                "info": 1,
                                "localize": 1,
                                "new": 1,
                                "sort": 1
                            },
                            "levelLinksPosition": "top",
                            "showAllLocalizationLink": 1,
                            "showNewRecordLink": 1,
                            "showPossibleLocalizationRecords": 1,
                            "useSortable": 1
                        },
                        "foreign_field": "parentid",
                        "foreign_sortby": "sorting",
                        "foreign_table": "--inlinetable--",
                        "foreign_table_field": "parenttable",
                        "type": "inline"
                    },
                    "fullKey": "tx_mask_buttonslist",
                    "inlineParent": "tx_mask_qritems",
                    "key": "buttonslist",
                    "label": "Buttons list",
                    "order": 2,
                    "type": "inline"
                },
                "tx_mask_title": {
                    "config": {
                        "enableRichtext": 1,
                        "type": "text"
                    },
                    "fullKey": "tx_mask_title",
                    "inlineParent": "tx_mask_qritems",
                    "key": "title",
                    "label": "Title",
                    "order": 1,
                    "type": "richtext"
                }
            }
        }
    }
}
